Date,AMZNAdjCloseAMZN,AMZNVolumeAMZN,ACNAdjCloseACN,ACNVolumeACN,NVDAAdjCloseNVDA,NVDAVolumeNVDA,AAPLAdjCloseAAPL,AAPLVolumeAAPL,GOOGLAdjCloseGOOGL,GOOGLVolumeGOOGL
2024-01-02 00:00:00+00:00,149.92999267578125,47339400,341.4313659667969,2319500,48.15766525268555,411254000,184.93821716308594,82488700,137.82870483398438,23711200
2024-01-03 00:00:00+00:00,148.47000122070312,49425500,332.57373046875,3060900,47.55879592895508,320896000,183.55348205566406,58414500,138.5768585205078,24212100
2024-01-04 00:00:00+00:00,144.57000732421875,56039800,331.7568664550781,2750600,47.98770523071289,306535000,181.22232055664062,71983600,136.0531005859375,27137700
2024-01-05 00:00:00+00:00,145.24000549316406,45124800,331.2943115234375,1510800,49.086463928222656,415039000,180.49508666992188,62303300,135.39474487304688,22506000
2024-01-08 00:00:00+00:00,149.10000610351562,46757100,334.96533203125,1909500,52.24178695678711,642510000,184.8585205078125,59144500,138.49705505371094,21404000
2024-01-09 00:00:00+00:00,151.3699951171875,43812600,337.32733154296875,1625900,53.12860107421875,773100000,184.4401092529297,42841800,140.6018524169922,24759600
2024-01-10 00:00:00+00:00,153.72999572753906,44421800,339.8664855957031,1569100,54.338340759277344,533796000,185.4861297607422,46792900,141.92855834960938,21320200
2024-01-11 00:00:00+00:00,155.17999267578125,49072700,342.4647216796875,1785800,54.810237884521484,596759000,184.88841247558594,49128400,141.72906494140625,24008700
2024-01-12 00:00:00+00:00,154.6199951171875,40460300,350.69244384765625,2405900,54.69825744628906,352994000,185.2171630859375,40444700,142.29763793945312,18768600
2024-01-16 00:00:00+00:00,153.16000366210938,41384600,348.9504699707031,2097500,56.369903564453125,449580000,182.93582153320312,65603000,142.13804626464844,22670500
2024-01-17 00:00:00+00:00,151.7100067138672,34953400,349.3258361816406,1917100,56.04097366333008,474394000,181.98941040039062,47317400,141.12057495117188,20968600
2024-01-18 00:00:00+00:00,153.5,37850200,355.1536560058594,2064100,57.09474563598633,491650000,187.91693115234375,78005800,143.12559509277344,25746400
2024-01-19 00:00:00+00:00,155.33999633789062,51033700,359.45050048828125,2506200,59.478233337402344,543501000,190.83584594726562,68741000,146.01844787597656,33300700
2024-01-22 00:00:00+00:00,154.77999877929688,43687500,362.72003173828125,2302500,59.64120101928711,452955000,193.1570281982422,60133900,145.62940979003906,32200400
2024-01-23 00:00:00+00:00,156.02000427246094,37986000,365.3376159667969,1693100,59.86015701293945,294654000,194.44215393066406,42355600,146.6768035888672,21636100
2024-01-24 00:00:00+00:00,156.8699951171875,48547300,364.38934326171875,2250100,61.34883117675781,560271000,193.7647247314453,53631300,148.33270263671875,25233500
2024-01-25 00:00:00+00:00,157.75,43638600,367.3922119140625,2227400,61.60377883911133,482777000,193.43597412109375,54822100,151.494873046875,29149100
2024-01-26 00:00:00+00:00,159.1199951171875,51047400,366.5328369140625,1404800,61.017906188964844,390309000,191.6925811767578,44594000,151.8140869140625,26115500
2024-01-29 00:00:00+00:00,161.25999450683594,45270400,368.78497314453125,1683100,62.45159912109375,348733000,191.0052032470703,47145600,153.1308135986328,27784300
2024-01-30 00:00:00+00:00,159.0,45207400,366.760009765625,1849500,62.760528564453125,410735000,187.32913208007812,55859400,151.0858917236328,36331800
2024-01-31 00:00:00+00:00,155.1999969482422,50284400,359.4307556152344,2320100,61.513797760009766,453795000,183.70291137695312,55467800,139.7539520263672,71910000
2024-02-01 00:00:00+00:00,159.27999877929688,76542400,366.3747863769531,1500000,63.01347732543945,369146000,186.15362548828125,64885400,140.81134033203125,40466500
2024-02-02 00:00:00+00:00,171.80999755859375,117154900,368.38983154296875,1590500,66.14580535888672,476578000,185.14743041992188,102518000,142.0283203125,62470600
2024-02-05 00:00:00+00:00,170.30999755859375,55081300,365.811767578125,1787300,69.31713104248047,680078000,186.9705047607422,69668800,143.32508850097656,38505400
2024-02-06 00:00:00+00:00,169.14999389648438,42505500,360.24072265625,4012000,68.20836639404297,683111000,188.5843963623047,43490800,143.74407958984375,29128200
2024-02-07 00:00:00+00:00,170.52999877929688,47174100,362.1668701171875,2531800,70.08395385742188,495575000,188.69398498535156,53439000,145.18051147460938,25208900
2024-02-08 00:00:00+00:00,169.83999633789062,42316500,363.9745178222656,1679800,69.62605285644531,414422000,187.6081085205078,40962000,145.5496063232422,22563800
2024-02-09 00:00:00+00:00,174.4499969482422,56986000,367.1255187988281,1482600,72.11751556396484,436637000,188.37615966796875,45155200,148.63197326660156,26829500
2024-02-12 00:00:00+00:00,172.33999633789062,51050400,362.93731689453125,1325000,72.23249816894531,613710000,186.680419921875,41781900,147.16558837890625,21564100
2024-02-13 00:00:00+00:00,168.63999938964844,56345100,358.37384033203125,1696900,72.1125259399414,602580000,184.57571411132812,56529500,144.781494140625,27837700
2024-02-14 00:00:00+00:00,170.97999572753906,42815500,366.4439392089844,2114600,73.88414764404297,504917000,183.6879425048828,54630500,145.57952880859375,22704200
2024-02-15 00:00:00+00:00,169.8000030517578,49855200,366.96746826171875,2358800,72.64241027832031,420122000,183.398681640625,65434500,142.4173583984375,37590700
2024-02-16 00:00:00+00:00,169.50999450683594,48074600,364.9622802734375,2410200,72.59741973876953,495327000,181.85255432128906,49701400,140.17291259765625,31451100
2024-02-20 00:00:00+00:00,167.0800018310547,41980300,358.5121154785156,1631000,69.43709564208984,704833000,181.1044464111328,53665600,140.77142333984375,25144700
2024-02-21 00:00:00+00:00,168.58999633789062,44575600,356.4970397949219,1758000,67.45752716064453,690298000,181.862548828125,41529700,142.19789123535156,23315700
2024-02-22 00:00:00+00:00,174.5800018310547,55392400,366.7698974609375,1614600,78.52115631103516,865100000,183.90737915039062,52292200,143.7340850830078,27191900
2024-02-23 00:00:00+00:00,174.99000549316406,59715200,372.7064208984375,1614500,78.80009460449219,829388000,182.0620574951172,45119700,143.6044158935547,19493800
2024-02-26 00:00:00+00:00,174.72999572753906,44368600,372.86444091796875,1455000,79.07503509521484,503973000,180.70545959472656,40867400,137.23020935058594,53641800
2024-02-27 00:00:00+00:00,173.5399932861328,31141700,373.2891845703125,1083200,78.68411254882812,391705000,182.17176818847656,54318900,138.53695678710938,33099200
2024-02-28 00:00:00+00:00,173.16000366210938,28180500,373.40771484375,1264200,77.64633178710938,393110000,180.9647979736328,48953900,136.0431365966797,37328600
2024-02-29 00:00:00+00:00,176.75999450683594,53805400,370.1974792480469,3329500,79.09502410888672,507289000,180.29647827148438,136682600,138.11801147460938,42133000
2024-03-01 00:00:00+00:00,178.22000122070312,31956200,376.3315124511719,2109900,82.26134490966797,479135000,179.20921325683594,73488000,136.80125427246094,31119500
2024-03-04 00:00:00+00:00,177.5800018310547,37381500,379.0182800292969,1642900,85.21871185302734,615616000,174.66065979003906,81510100,133.0206298828125,55999400
2024-03-05 00:00:00+00:00,174.1199951171875,37228300,372.27178955078125,1539400,85.9495849609375,520639000,169.69314575195312,95132400,132.34230041503906,40194800
2024-03-06 00:00:00+00:00,173.50999450683594,32090900,376.1734924316406,1451200,88.68512725830078,582520000,168.69566345214844,68587700,131.07542419433594,35318600
2024-03-07 00:00:00+00:00,176.82000732421875,34063300,382.1791687011719,1564300,92.65345764160156,608119000,168.57595825195312,71765100,134.04808044433594,37738200
2024-03-08 00:00:00+00:00,175.35000610351562,37853500,373.5460205078125,1641100,87.5133285522461,1142269000,170.30162048339844,76114600,135.07553100585938,39343100
2024-03-11 00:00:00+00:00,171.9600067138672,28484800,368.6565246582031,2220000,85.7596206665039,678364000,172.31655883789062,60139500,137.32994079589844,32437800
2024-03-12 00:00:00+00:00,175.38999938964844,36610600,375.8277893066406,1793700,91.89759063720703,668075000,172.7953338623047,59825400,138.15789794921875,27563400
2024-03-13 00:00:00+00:00,176.55999755859375,30772600,374.08929443359375,1635800,90.87276458740234,635713000,170.70062255859375,52488700,139.4447021484375,23347200
2024-03-14 00:00:00+00:00,178.75,43705800,373.58551025390625,1706700,87.92925262451172,602318000,172.56593322753906,72913500,142.7465362548828,42753400
2024-03-15 00:00:00+00:00,174.4199981689453,72115500,370.0196838378906,3865400,87.822265625,642086000,172.18687438964844,121664700,140.83126831054688,49460600
2024-03-18 00:00:00+00:00,174.47999572753906,31250700,368.11328125,2164400,88.44017028808594,668976000,173.28411865234375,75604200,147.31521606445312,69273700
2024-03-19 00:00:00+00:00,175.89999389648438,26880900,373.4571228027344,2062800,89.38301849365234,672171000,175.63821411132812,55215200,146.6668243408203,24070400
2024-03-20 00:00:00+00:00,178.14999389648438,29947200,375.78826904296875,2877600,90.35684967041016,479063000,178.22169494628906,53423100,148.3726043701172,21311500
2024-03-21 00:00:00+00:00,178.14999389648438,32824300,340.8112487792969,9574800,91.41967010498047,480372000,170.94000244140625,106181300,147.2354278564453,24755600
2024-03-22 00:00:00+00:00,178.8699951171875,27964100,333.373291015625,5899300,94.273193359375,586719000,171.84771728515625,71106600,150.39759826660156,29175700
2024-03-25 00:00:00+00:00,179.7100067138672,29815500,329.7383117675781,5320000,94.98606872558594,552136000,170.42132568359375,54288300,149.69932556152344,19229300
2024-03-26 00:00:00+00:00,178.3000030517578,29659000,332.2768859863281,3006500,92.54547882080078,513648000,169.2841796875,57388400,150.29783630371094,22149100
2024-03-27 00:00:00+00:00,179.8300018310547,33272600,336.771240234375,3295200,90.23486328125,586067000,172.87513732910156,60273300,150.49732971191406,22879200
2024-03-28 00:00:00+00:00,180.3800048828125,38051600,342.37188720703125,3614900,90.34085083007812,435212000,171.0497283935547,65672700,150.55718994140625,24485400
2024-04-01 00:00:00+00:00,180.97000122070312,29174500,335.02288818359375,2320200,90.34784698486328,452441000,169.60337829589844,46240500,155.10594177246094,31730800
2024-04-02 00:00:00+00:00,180.69000244140625,32611500,332.34600830078125,2453300,89.43700408935547,433064000,168.41635131835938,49329500,154.17822265625,24586000
2024-04-03 00:00:00+00:00,182.41000366210938,31046600,328.2171325683594,1975700,88.94908142089844,370067000,169.22433471679688,47691700,154.53733825683594,24705000
2024-04-04 00:00:00+00:00,180.0,41624300,326.42926025390625,2273000,85.89059448242188,434965000,168.39642333984375,53704400,150.15818786621094,34724700
2024-04-05 00:00:00+00:00,185.07000732421875,42335200,328.9283142089844,3694700,87.99324798583984,399678000,169.15451049804688,42055200,152.12332153320312,23449300
2024-04-08 00:00:00+00:00,185.19000244140625,39221300,327.74298095703125,2431900,87.11839294433594,283220000,168.02734375,37425500,154.46751403808594,20702000
2024-04-09 00:00:00+00:00,185.6699981689453,36546900,330.360595703125,2416600,85.33968353271484,503547000,169.24427795410156,42451200,156.21319580078125,31113000
2024-04-10 00:00:00+00:00,185.9499969482422,35879200,321.6741943359375,2156700,87.02440643310547,431929000,167.3590087890625,49709300,155.7543182373047,22838600
2024-04-11 00:00:00+00:00,189.0500030517578,40020700,322.4575500488281,2204200,90.60079956054688,431637000,174.60079956054688,91070300,159.01625061035156,27166400
2024-04-12 00:00:00+00:00,186.1300048828125,38554300,312.74981689453125,4207400,88.17121124267578,426805000,176.10702514648438,101593300,157.34039306640625,25329200
2024-04-15 00:00:00+00:00,183.6199951171875,48052400,310.6377258300781,2997900,85.98657989501953,443077000,172.25669860839844,73531800,154.4774932861328,27136500
2024-04-16 00:00:00+00:00,183.32000732421875,32891300,311.3020935058594,2900300,87.40034484863281,370453000,168.95501708984375,73711200,154.01861572265625,20779500
2024-04-17 00:00:00+00:00,181.27999877929688,31359700,311.8970642089844,2760000,84.02091217041016,495400000,167.57847595214844,50901200,155.0859832763672,21763100
2024-04-18 00:00:00+00:00,179.22000122070312,30723800,313.34478759765625,3025100,84.65679931640625,447260000,166.62086486816406,43122900,155.6246337890625,19883000
2024-04-19 00:00:00+00:00,174.6300048828125,55950000,314.2173767089844,3381500,76.18722534179688,875198000,164.58599853515625,67772100,153.70938110351562,32239100
2024-04-22 00:00:00+00:00,177.22999572753906,37924900,314.75286865234375,2433300,79.50466918945312,596341000,165.4238739013672,48116400,155.89398193359375,26446200
2024-04-23 00:00:00+00:00,179.5399932861328,37046500,314.16778564453125,2000300,82.4091796875,438559000,166.48121643066406,49537800,157.86907958984375,21151600
2024-04-24 00:00:00+00:00,176.58999633789062,34185100,310.90545654296875,4133800,79.66364288330078,512208000,168.59591674804688,48251800,158.73695373535156,22779100
2024-04-25 00:00:00+00:00,173.6699981689453,49249400,306.4035949707031,3639000,82.61814880371094,424641000,169.46372985839844,50558300,155.6146697998047,57109700
2024-04-26 00:00:00+00:00,179.6199951171875,43919800,305.42193603515625,3371800,87.72028350830078,551011000,168.87521362304688,44838400,171.52528381347656,64665300
2024-04-29 00:00:00+00:00,180.9600067138672,54063900,300.6126708984375,4719100,87.7422866821289,388971000,173.06466674804688,68169400,165.73959350585938,45610000
2024-04-30 00:00:00+00:00,175.0,94639800,298.381591796875,5225000,86.38751220703125,363709000,169.90261840820312,65934800,162.3779296875,33562900
2024-05-01 00:00:00+00:00,179.0,94645100,296.1505126953125,2617200,83.0270767211914,559863000,168.87521362304688,50383100,163.4552459716797,33493200
2024-05-02 00:00:00+00:00,184.72000122070312,54303500,297.81634521484375,2684200,85.8026123046875,377898000,172.59585571289062,94214900,166.20843505859375,24294500
2024-05-03 00:00:00+00:00,186.2100067138672,39172000,301.1580505371094,2767100,88.77411651611328,398341000,182.9198760986328,163224100,166.826904296875,34662400
2024-05-06 00:00:00+00:00,188.6999969482422,34725300,303.4883117675781,2361300,92.12454986572266,376203000,181.2540740966797,78569700,167.68479919433594,21871300
2024-05-07 00:00:00+00:00,188.75999450683594,34048900,308.0496826171875,2483600,90.538818359375,437342000,181.9423370361328,77305800,170.82699584960938,28039700
2024-05-08 00:00:00+00:00,188.0,26136400,309.36846923828125,2296400,90.39684295654297,325721000,182.281494140625,45057100,168.96163940429688,19569100
2024-05-09 00:00:00+00:00,189.5,43368400,304.03369140625,3238100,88.73212432861328,378013000,184.10690307617188,48983000,169.54019165039062,15346700
2024-05-10 00:00:00+00:00,187.47999572753906,34141800,303.75604248046875,1786900,89.86292266845703,335325000,182.83836364746094,50759500,168.23342895507812,29799900
2024-05-13 00:00:00+00:00,186.57000732421875,24898600,304.82696533203125,1695000,90.38385009765625,289680000,186.06463623046875,72044800,168.7222137451172,31327600
2024-05-14 00:00:00+00:00,187.07000732421875,38698200,304.3708190917969,1813600,91.34068298339844,296507000,187.2133026123047,52393600,169.91925048828125,25127100
2024-05-15 00:00:00+00:00,185.99000549316406,75459900,305.9276123046875,4230800,94.61412811279297,417735000,189.5006561279297,70400000,172.08389282226562,26948400
2024-05-16 00:00:00+00:00,183.6300048828125,38834500,305.4120178222656,2583100,94.34317779541016,323952000,189.62051391601562,52845200,173.749755859375,27867900
2024-05-17 00:00:00+00:00,184.6999969482422,33175700,301.0390625,4232000,92.46348571777344,359691000,189.65048217773438,41282900,175.6251220703125,24479300
2024-05-20 00:00:00+00:00,183.5399932861328,30511800,303.1313171386719,2418000,94.76411437988281,318764000,190.81912231445312,44361300,176.48300170898438,22554400
2024-05-21 00:00:00+00:00,183.14999389648438,50839100,301.0886535644531,1866500,95.37001037597656,328946000,192.12762451171875,42309400,177.41070556640625,16989400
2024-05-22 00:00:00+00:00,183.1300048828125,28148800,304.5294494628906,2432400,94.93408203125,548648000,190.67929077148438,34648500,175.9443359375,17880000
2024-05-23 00:00:00+00:00,181.0500030517578,33670200,303.3594055175781,2526100,103.78160095214844,835065000,186.6639404296875,51005900,173.12132263183594,21024900
2024-05-24 00:00:00+00:00,180.75,27434100,298.46087646484375,2048200,106.4511489868164,429494000,189.76034545898438,36294600,174.55776977539062,16572500
2024-05-28 00:00:00+00:00,182.14999389648438,29927000,295.2283020019531,3530200,113.88190460205078,652728000,189.77035522460938,52280100,175.9642791748047,20572200
2024-05-29 00:00:00+00:00,182.02000427246094,32009300,291.3015441894531,4480000,114.80574798583984,557442000,190.0699920654297,53068000,175.46551513671875,23388700
2024-05-30 00:00:00+00:00,179.32000732421875,29249200,282.4069519042969,5007800,110.4814682006836,487350000,191.06883239746094,49947900,171.6848907470703,22958700
2024-05-31 00:00:00+00:00,176.44000244140625,58903900,279.91802978515625,6882000,109.6146240234375,613263000,192.02772521972656,75158300,172.07391357421875,37638900
2024-06-03 00:00:00+00:00,178.33999633789062,30786600,279.39251708984375,3596600,114.98072052001953,438392000,193.8056640625,50080500,172.7422637939453,27459100
2024-06-04 00:00:00+00:00,179.33999633789062,27198400,285.6395568847656,3498600,116.41747283935547,403324000,194.12530517578125,47471400,173.3607177734375,26879600
2024-06-05 00:00:00+00:00,181.27999877929688,32116400,288.5746765136719,3002200,122.41947174072266,528402000,195.64353942871094,54156800,174.97674560546875,22068500
2024-06-06 00:00:00+00:00,185.0,31371200,289.28863525390625,2363200,120.97771453857422,664696000,194.25514221191406,41181800,176.29345703125,23251000
2024-06-07 00:00:00+00:00,184.3000030517578,28021500,285.9767150878906,2626900,120.86773681640625,412386000,196.66236877441406,53103900,174.02908325195312,19661400
2024-06-10 00:00:00+00:00,187.05999755859375,34494500,287.9896240234375,2509900,121.76958465576172,314162700,192.89671325683594,97262100,174.778076171875,23779200
2024-06-11 00:00:00+00:00,187.22999572753906,27265100,291.7477722167969,2457600,120.899658203125,222551200,206.91049194335938,172373300,176.3859405517578,21540600
2024-06-12 00:00:00+00:00,186.88999938964844,33984200,283.3291320800781,3749600,125.18928527832031,299595000,212.82366943359375,198134300,177.55438232421875,27864700
2024-06-13 00:00:00+00:00,183.8300018310547,39721500,279.9477844238281,3119200,129.59890747070312,260704500,213.9923095703125,97862700,174.92788696289062,20913300
2024-06-14 00:00:00+00:00,183.66000366210938,25456400,284.3008728027344,2966200,131.8687286376953,309320400,212.2443389892578,70122700,176.5557098388672,18063600
2024-06-17 00:00:00+00:00,184.05999755859375,35601900,283.1308288574219,3559600,130.9687957763672,288504400,216.41949462890625,93728300,177.005126953125,19618500
2024-06-18 00:00:00+00:00,182.80999755859375,36659200,282.95233154296875,5314900,135.5684051513672,294335100,214.042236328125,79943300,174.85797119140625,21869900
2024-06-20 00:00:00+00:00,186.10000610351562,44726800,303.58746337890625,11374600,130.76881408691406,517768400,209.4375762939453,86172500,176.06637573242188,20160100
2024-06-21 00:00:00+00:00,189.0800018310547,72931800,306.3837890625,8481800,126.55917358398438,655484700,207.2501220703125,246421400,179.3919677734375,58582700
2024-06-24 00:00:00+00:00,185.57000732421875,50610400,304.6286315917969,4399600,118.09989929199219,476060900,207.89935302734375,80727000,178.9824981689453,18298000
2024-06-25 00:00:00+00:00,186.33999633789062,45898500,304.5889892578125,4498700,126.07920837402344,425787500,208.8282928466797,56713900,183.78611755371094,23235600
2024-06-26 00:00:00+00:00,193.61000061035156,65103900,302.0603942871094,3162100,126.38919067382812,362975900,213.00344848632812,66213200,183.63632202148438,19839000
2024-06-27 00:00:00+00:00,197.85000610351562,74397500,300.6424255371094,3162000,123.9793930053711,252571700,213.85247802734375,49772700,185.164306640625,18848900
2024-06-28 00:00:00+00:00,193.25,76930200,300.860595703125,14905500,123.52943420410156,315516700,210.37648010253906,82542700,181.9086151123047,29156600
2024-07-01 00:00:00+00:00,197.1999969482422,41192000,300.0077819824219,2411100,124.28936767578125,284885500,216.49940490722656,60402900,182.7475128173828,16006100
2024-07-02 00:00:00+00:00,200.0,45600000,301.27703857421875,2177200,122.65950775146484,218374000,220.0153350830078,58046200,184.99452209472656,17372500
2024-07-03 00:00:00+00:00,197.58999633789062,31597900,303.180908203125,1751200,128.26902770996094,215749000,221.29385375976562,37369800,185.57376098632812,10242100
2024-07-05 00:00:00+00:00,200.0,39858900,296.62646484375,3158900,125.8192367553711,214176700,226.07830810546875,60412400,190.34742736816406,20967500
2024-07-08 00:00:00+00:00,199.2899932861328,34767300,296.95367431640625,2557700,128.18902587890625,237677300,227.55661010742188,59085900,188.7794952392578,21035900
2024-07-09 00:00:00+00:00,199.33999633789062,32700100,295.5555114746094,2479200,131.3687744140625,285366600,228.4156036376953,48076100,188.7295684814453,15121400
2024-07-10 00:00:00+00:00,199.7899932861328,32883800,292.95751953125,2283500,134.89846801757812,248978600,232.71063232421875,62627700,190.9266357421875,15952500
2024-07-11 00:00:00+00:00,195.0500030517578,44565000,296.781982421875,2988000,127.38910675048828,374782700,227.30690002441406,64710600,185.3240966796875,25625800
2024-07-12 00:00:00+00:00,194.49000549316406,30598500,309.3707580566406,3951600,129.2289581298828,252680500,230.27345275878906,53046500,184.8247528076172,22898400
2024-07-15 00:00:00+00:00,192.72000122070312,40683200,316.5813903808594,3866200,128.42901611328125,208326200,234.12899780273438,62631300,186.28280639648438,16474000
2024-07-16 00:00:00+00:00,193.02000427246094,33994700,323.6824951171875,3640500,126.34918975830078,214769500,234.54852294921875,43234300,183.67626953125,18290700
2024-07-17 00:00:00+00:00,187.92999267578125,48076100,324.2800598144531,4383900,117.97990417480469,390086200,228.61538696289062,57345900,180.78012084960938,20734100
2024-07-18 00:00:00+00:00,183.75,51043600,326.7699279785156,4563600,121.07963562011719,320979500,223.92080688476562,66034600,177.45452880859375,25315700
2024-07-19 00:00:00+00:00,183.1300048828125,43081800,327.8554992675781,5376200,117.91991424560547,217223800,224.0506591796875,49151500,177.42457580566406,18881900
2024-07-22 00:00:00+00:00,182.5500030517578,39931900,330.1661071777344,3419300,123.52943420410156,258068900,223.70108032226562,48201800,181.4292449951172,24100300
2024-07-23 00:00:00+00:00,186.41000366210938,47537700,328.9908752441406,1994000,122.57951354980469,173911000,224.74984741210938,39960300,181.54908752441406,36352700
2024-07-24 00:00:00+00:00,180.8300018310547,41532400,327.3475646972656,3286500,114.24022674560547,327776900,218.28732299804688,61777600,172.40122985839844,49585200
2024-07-25 00:00:00+00:00,179.85000610351562,44464200,328.78173828125,2764500,112.27039337158203,460067000,217.23855590820312,51391200,167.05831909179688,44852000
2024-07-26 00:00:00+00:00,182.5,29506000,327.1284484863281,2438200,113.05032348632812,293399100,217.7080078125,41601300,166.7786865234375,41336900
2024-07-29 00:00:00+00:00,183.1999969482422,33270100,324.87762451171875,1629200,111.58045196533203,248152100,217.98768615722656,36311800,169.3053436279297,20293800
2024-07-30 00:00:00+00:00,181.7100067138672,39508600,327.865478515625,1985400,103.72113037109375,486833300,218.5470428466797,41643800,170.0643310546875,18959700
2024-07-31 00:00:00+00:00,186.97999572753906,41667300,329.2796936035156,2606300,117.0099868774414,473174200,221.8232421875,50036300,171.3126678466797,25729100
2024-08-01 00:00:00+00:00,184.07000732421875,70435600,326.75,2538100,109.2006607055664,523462300,218.1075439453125,62501000,170.53370666503906,24531400
2024-08-02 00:00:00+00:00,167.89999389648438,141448400,321.8399658203125,2682700,107.26081848144531,482027500,219.60580444335938,105568600,166.43914794921875,29130100
2024-08-05 00:00:00+00:00,161.02000427246094,83149400,312.4681091308594,3186500,100.44140625,552842400,209.02806091308594,119548600,159.03897094726562,53630700
2024-08-06 00:00:00+00:00,161.92999267578125,59950800,317.3880920410156,2284200,104.24108123779297,409012100,206.9904022216797,69660500,158.08023071289062,49004600
2024-08-07 00:00:00+00:00,162.77000427246094,48408200,316.73077392578125,2327700,98.90154266357422,411440400,209.57742309570312,63516400,158.7293701171875,25138600
2024-08-08 00:00:00+00:00,165.8000030517578,44616200,314.5994567871094,2213700,104.96102142333984,391910000,213.06338500976562,47161100,161.81527709960938,25578800
2024-08-09 00:00:00+00:00,166.94000244140625,36401000,314.5496520996094,1851300,104.74104309082031,290844200,215.99000549316406,42201600,163.45310974121094,28602300
2024-08-12 00:00:00+00:00,166.8000030517578,30072800,312.6872253417969,2276500,109.01067352294922,325559900,217.52999877929688,38028100,162.07492065429688,15895300
2024-08-13 00:00:00+00:00,170.22999572753906,39237900,318.03546142578125,2269600,116.13006591796875,312646700,221.27000427246094,44155300,163.9424591064453,18551700
2024-08-14 00:00:00+00:00,170.10000610351562,28843800,318.5334167480469,1404600,118.06990051269531,339246400,221.72000122070312,41960600,160.157470703125,40591100
2024-08-15 00:00:00+00:00,177.58999633789062,51698500,323.81195068359375,2271600,122.84949493408203,318086700,224.72000122070312,46414000,161.08624267578125,31524300
2024-08-16 00:00:00+00:00,177.05999755859375,31489200,325.5947265625,2292800,124.56934356689453,302589900,226.0500030517578,44340200,162.74404907226562,24208600
2024-08-19 00:00:00+00:00,178.22000122070312,31129800,328.1044921875,1678200,129.98887634277344,318333600,225.88999938964844,40687800,166.44912719726562,22416200
2024-08-20 00:00:00+00:00,178.8800048828125,26255200,329.03070068359375,1790100,127.2391128540039,300087400,226.50999450683594,30299000,166.9584503173828,18341500
2024-08-21 00:00:00+00:00,180.11000061035156,35599100,332.24761962890625,1233900,128.489013671875,257883600,226.39999389648438,34765500,165.63021850585938,22902000
2024-08-22 00:00:00+00:00,176.1300048828125,32047500,329.22991943359375,1679200,123.72941589355469,376189100,224.52999877929688,43695300,163.5829315185547,22493300
2024-08-23 00:00:00+00:00,177.0399932861328,29150100,331.9189453125,1518700,129.3589324951172,323230300,226.83999633789062,38677300,165.4005126953125,13955700
2024-08-26 00:00:00+00:00,175.5,22366200,335.41473388671875,1692200,126.44918060302734,331964700,227.17999267578125,30602200,165.93980407714844,14190400
2024-08-27 00:00:00+00:00,173.1199951171875,29842000,339.0001525878906,2154100,128.28903198242188,303134600,228.02999877929688,35934600,164.46176147460938,11821900
2024-08-28 00:00:00+00:00,170.8000030517578,29045000,336.02227783203125,1528000,125.59925842285156,448101100,226.49000549316406,38052200,162.6342010498047,16407400
2024-08-29 00:00:00+00:00,172.1199951171875,26407800,338.830810546875,1612600,117.57994079589844,453023300,229.7899932861328,51906300,161.56561279296875,19699800
2024-08-30 00:00:00+00:00,178.5,43429400,340.56378173828125,2004000,119.35979461669922,333751600,229.0,52990800,163.1634979248047,22123800
2024-09-03 00:00:00+00:00,176.25,37817500,340.4940490722656,2049300,107.99076080322266,477155100,222.77000427246094,50190600,157.15147399902344,38945300
2024-09-04 00:00:00+00:00,173.3300018310547,30309200,342.5954895019531,1478300,106.20091247558594,372470300,220.85000610351562,43840200,156.24267578125,19353800
2024-09-05 00:00:00+00:00,177.88999938964844,40170500,339.54791259765625,1195100,107.2008285522461,306850700,222.3800048828125,36615400,157.03163146972656,18688700
2024-09-06 00:00:00+00:00,171.38999938964844,41466500,338.4623107910156,1613400,102.82120513916016,413638100,220.82000732421875,48423000,150.72000122070312,37912100
2024-09-09 00:00:00+00:00,175.39999389648438,29037400,340.4243469238281,1569400,106.46089172363281,273912000,220.91000366210938,67180000,148.7100067138672,39260500
2024-09-10 00:00:00+00:00,179.5500030517578,36233800,346.29046630859375,1655700,108.09075164794922,268283700,220.11000061035156,51591000,148.66000366210938,31118800
2024-09-11 00:00:00+00:00,184.52000427246094,42564700,348.889892578125,2121700,116.9000015258789,441422400,222.66000366210938,44587100,151.16000366210938,29607700
2024-09-12 00:00:00+00:00,187.0,33622500,348.4715881347656,2182100,119.13999938964844,367100500,222.77000427246094,37498200,154.69000244140625,29695000
2024-09-13 00:00:00+00:00,186.49000549316406,26495400,348.162841796875,1812000,119.0999984741211,238358300,222.5,36766600,157.4600067138672,29591200
2024-09-16 00:00:00+00:00,184.88999938964844,26065500,352.6844177246094,2536400,116.77999877929688,248772300,216.32000732421875,59357400,158.05999755859375,18379800
2024-09-17 00:00:00+00:00,186.8800048828125,26091700,335.6736755371094,4528800,115.58999633789062,231925900,216.7899932861328,45519300,159.32000732421875,20715600
2024-09-18 00:00:00+00:00,186.42999267578125,34448100,334.8171691894531,2150800,113.37000274658203,310318900,220.69000244140625,59894900,159.80999755859375,23677300
2024-09-19 00:00:00+00:00,189.8699951171875,39543200,333.8809509277344,2645700,117.87000274658203,293506400,228.8699951171875,66781300,162.13999938964844,26587700
2024-09-20 00:00:00+00:00,191.60000610351562,100378600,334.85699462890625,5231000,116.0,382462400,228.1999969482422,318679900,163.58999633789062,40896400
2024-09-23 00:00:00+00:00,193.8800048828125,36993100,337.8348693847656,1998500,116.26000213623047,206228500,226.47000122070312,54146000,161.85000610351562,24150900
2024-09-24 00:00:00+00:00,193.9600067138672,43478900,338.24322509765625,2842900,120.87000274658203,354966800,227.3699951171875,43556100,162.2899932861328,23332100
2024-09-25 00:00:00+00:00,192.52999877929688,26391100,335.6836242675781,3552700,123.51000213623047,284692900,226.3699951171875,42308700,161.49000549316406,18869200
2024-09-26 00:00:00+00:00,191.16000366210938,36334900,354.3675842285156,4454800,124.04000091552734,302582900,227.52000427246094,36636700,162.72999572753906,20319300
2024-09-27 00:00:00+00:00,187.97000122070312,36002300,348.2823791503906,2575200,121.4000015258789,271009200,227.7899932861328,34026000,163.9499969482422,21101300
2024-09-30 00:00:00+00:00,186.3300018310547,41583900,352.0470275878906,2424900,121.44000244140625,226553700,233.0,54541900,165.85000610351562,20413900
2024-10-01 00:00:00+00:00,185.1300048828125,36044900,350.5531311035156,1827300,117.0,302094500,226.2100067138672,63285000,166.99000549316406,28338100
2024-10-02 00:00:00+00:00,184.75999450683594,23704100,354.84564208984375,2421300,118.8499984741211,221845900,226.77999877929688,32880600,165.86000061035156,17760200
2024-10-03 00:00:00+00:00,181.9600067138672,30204300,359.77557373046875,3646300,122.8499984741211,277118000,225.6699981689453,34044200,165.86000061035156,15073100
2024-10-04 00:00:00+00:00,186.50999450683594,40890300,360.7715148925781,2131400,124.91999816894531,243678100,226.8000030517578,37245100,167.05999755859375,19047400
2024-10-07 00:00:00+00:00,180.8000030517578,42364200,355.3535461425781,1536800,127.72000122070312,346250200,221.69000244140625,39505400,162.97999572753906,22463100
2024-10-08 00:00:00+00:00,182.72000122070312,26372100,358.9190673828125,2348300,132.88999938964844,285722500,225.77000427246094,31855700,164.3800048828125,23072700
2024-10-09 00:00:00+00:00,185.1699981689453,26343100,363.6000061035156,2046400,132.64999389648438,246191600,229.5399932861328,33591100,161.86000061035156,31181800
2024-10-10 00:00:00+00:00,186.64999389648438,27785000,361.07000732421875,2088000,134.80999755859375,242311300,229.0399932861328,28183500,162.0800018310547,14144100
2024-10-11 00:00:00+00:00,188.82000732421875,25751600,360.739990234375,1436500,134.8000030517578,170209500,227.5500030517578,31759200,163.24000549316406,15344300
2024-10-14 00:00:00+00:00,187.5399932861328,22614400,364.6000061035156,2256500,138.07000732421875,232347700,231.3000030517578,39882100,164.9600067138672,19016100
2024-10-15 00:00:00+00:00,187.69000244140625,32178900,368.6600036621094,2955900,131.60000610351562,377831000,233.85000610351562,64751400,165.4600067138672,20247200
2024-10-16 00:00:00+00:00,186.88999938964844,23456800,372.260009765625,2110700,135.72000122070312,264879700,231.77999877929688,34082200,165.16000366210938,16406000
2024-10-17 00:00:00+00:00,187.52999877929688,25039400,375.1499938964844,1906900,136.92999267578125,306435900,232.14999389648438,32993800,162.92999267578125,21453400
2024-10-18 00:00:00+00:00,188.99000549316406,37417700,376.8599853515625,1893300,138.0,176090200,235.0,46431500,163.4199981689453,19757700
2024-10-21 00:00:00+00:00,189.07000732421875,24639400,376.0299987792969,1785100,143.7100067138672,264554500,236.47999572753906,36254500,164.07000732421875,20946500
2024-10-22 00:00:00+00:00,189.6999969482422,29650600,371.7900085449219,1740200,143.58999633789062,226311600,235.86000061035156,38846600,165.13999938964844,16568100
2024-10-23 00:00:00+00:00,184.7100067138672,31937100,370.6300048828125,2211800,139.55999755859375,285930000,230.75999450683594,52287000,162.77999877929688,18280500
2024-10-24 00:00:00+00:00,186.3800048828125,21647400,364.2300109863281,2311800,140.41000366210938,172354900,230.57000732421875,31109500,162.72000122070312,22412500
2024-10-25 00:00:00+00:00,187.8300018310547,29362100,360.79998779296875,2129300,141.5399932861328,205122100,231.41000366210938,38802300,165.27000427246094,19828900
2024-10-28 00:00:00+00:00,188.38999938964844,27930800,361.32000732421875,2717700,140.52000427246094,173586700,233.39999389648438,36087100,166.72000122070312,32138600
2024-10-29 00:00:00+00:00,190.8300018310547,35690200,363.0400085449219,2642900,141.25,157593600,233.6699981689453,35417200,169.67999267578125,42169000
2024-10-30 00:00:00+00:00,192.72999572753906,37707600,346.57000732421875,3916800,139.33999633789062,179418100,230.10000610351562,47070900,174.4600067138672,68890800
2024-10-31 00:00:00+00:00,186.39999389648438,75146800,344.82000732421875,3078200,132.75999450683594,270039600,225.91000366210938,64370100,171.11000061035156,44769000
2024-11-01 00:00:00+00:00,197.92999267578125,99571700,345.6700134277344,2579800,135.39999389648438,202737100,222.91000366210938,65242200,171.2899932861328,31773700
