Date,AMZNAdjCloseAMZN,ACNAdjCloseACN,NVDAAdjCloseNVDA,AAPLAdjCloseAAPL,GOOGLAdjCloseGOOGL,AMZNVolumeAMZN,ACNVolumeACN,NVDAVolumeNVDA,AAPLVolumeAAPL,GOOGLVolumeGOOGL,AMZNpct_closeAMZN,ACNpct_closeACN,NVDApct_closeNVDA,AAPLpct_closeAAPL,GOOGLpct_closeGOOGL,AMZNMovingAvgAMZN,ACNMovingAvgACN,NVDAMovingAvgNVDA,AAPLMovingAvgAAPL,GOOGLMovingAvgGOOGL
2024-01-02 00:00:00+00:00,149.92999267578125,341.43133544921875,48.15766525268555,184.93821716308594,137.82870483398438,47339400,2319500,411254000,82488700,23711200,,,,,,,,,,
2024-01-03 00:00:00+00:00,148.47000122070312,332.57373046875,47.55879592895508,183.553466796875,138.5768585205078,49425500,3060900,320896000,58414500,24212100,-0.973782115920796,-2.594256607646994,-1.2435597128477305,-0.7487637695727356,0.5428141310800161,,,,,
2024-01-04 00:00:00+00:00,144.57000732421875,331.75689697265625,47.98770523071289,181.2223358154297,136.05311584472656,56039800,2750600,306535000,71983600,27137700,-2.62678915903487,-0.24560974642899858,0.9018506322122422,-1.270001064063253,-1.8211862375331345,,,,,
2024-01-05 00:00:00+00:00,145.24000549316406,331.2943115234375,49.086463928222656,180.4950714111328,135.3947296142578,45124800,1510800,415039000,62303300,22506000,0.46344202462600403,-0.13943506629099378,2.289667097493431,-0.4013105785357407,-0.4839185243064481,,,,,
2024-01-08 00:00:00+00:00,149.10000610351562,334.96533203125,52.241790771484375,184.8585205078125,138.49705505371094,46757100,1909500,642510000,59144500,21404000,2.6576703830634596,1.108084376979357,6.428099705604451,2.41748933229351,2.291319202964326,,,,,
2024-01-09 00:00:00+00:00,151.3699951171875,337.3273010253906,53.12860107421875,184.4401092529297,140.6018524169922,43812600,1625900,773100000,42841800,24759600,1.5224607114340927,0.7051383436660341,1.6975113020406551,-0.22634134133142636,1.5197416020614973,,,,,
2024-01-10 00:00:00+00:00,153.72999572753906,339.866455078125,54.338340759277344,185.4861297607422,141.92855834960938,44421800,1569100,533796000,46792900,21320200,1.5590940651907248,0.7527271125153501,2.2770027077668287,0.567132882348309,0.943590649632764,,,,,
2024-01-11 00:00:00+00:00,155.17999267578125,342.4647521972656,54.810237884521484,184.88841247558594,141.72906494140625,49072700,1785800,596759000,49128400,24008700,0.9432101662268044,0.7645053168143123,0.8684422797057278,-0.32224365559152535,-0.14055903232084166,,,,,
2024-01-12 00:00:00+00:00,154.6199951171875,350.6924743652344,54.69825744628906,185.2171630859375,142.29763793945312,40460300,2405900,352994000,40444700,18768600,-0.360869690053256,2.4025018969629386,-0.20430569644370733,0.17781028348380357,0.4011689474434421,,,,,
2024-01-16 00:00:00+00:00,153.16000366210938,348.9504699707031,56.369903564453125,182.93582153320312,142.13804626464844,41384600,2097500,449580000,65603000,22670500,-0.9442449238027617,-0.49673275643691284,3.0561231677362466,-1.231711745674391,-0.11215342511349258,,,,,
2024-01-17 00:00:00+00:00,151.7100067138672,349.3258361816406,56.04097366333008,181.98939514160156,141.12057495117188,34953400,1917100,474394000,47317400,20968600,-0.9467203666572499,0.10757005456074609,-0.5835204254819204,-0.5173543287856242,-0.7158331918972083,,,,,
2024-01-18 00:00:00+00:00,153.5,355.1536560058594,57.09474563598633,187.91693115234375,143.12559509277344,37850200,2064100,491650000,78005800,25746400,1.1798781932089941,1.6683048376612053,1.8803598577477487,3.257077702868405,1.4207851281043293,,,,,
2024-01-19 00:00:00+00:00,155.33999633789062,359.45050048828125,59.47823715209961,190.83584594726562,146.0184326171875,51033700,2506200,543501000,68741000,33300700,1.1986946826648914,1.2098550612557935,4.1746249844241134,1.5533005871384287,2.021188119804096,,,,,
2024-01-22 00:00:00+00:00,154.77999877929688,362.72003173828125,59.641204833984375,193.1570281982422,145.62939453125,43687500,2302500,452955000,60133900,32200400,-0.3604979862209201,0.9095915141469124,0.2739954808479217,1.2163240294058797,-0.26643080531991714,151.47857121058874,344.1409345354353,53.61663736615862,185.13817487444197,140.78140149797713
2024-01-23 00:00:00+00:00,156.02000427246094,365.3376159667969,59.86015701293945,194.44215393066406,146.6768035888672,37986000,1693100,294654000,42355600,21636100,0.8011406531487353,0.7216541683598976,0.3671156200894199,0.665326933433108,0.7192291508102189,151.91357203892298,345.84852600097656,54.45252963474819,185.81702750069755,141.41340855189733
2024-01-24 00:00:00+00:00,156.8699951171875,364.38934326171875,61.34883499145508,193.7647247314453,148.33270263671875,48547300,2250100,560271000,53631300,25233500,0.5447960655367012,-0.2595606539361417,2.486926284195734,-0.34839626363134535,1.1289440506850879,152.5135716029576,348.1210697719029,55.43753242492676,186.54640306745256,142.11025456019811
2024-01-25 00:00:00+00:00,157.75,367.3922119140625,61.60377883911133,193.43597412109375,151.49485778808594,43638600,2227400,482777000,54822100,29149100,0.5609771850602074,0.8240824568206406,0.41556428527413924,-0.16966484008232863,2.1317990538550546,153.45499965122767,350.6664494105748,56.410109111240935,187.41880580357142,143.21323612758093
2024-01-26 00:00:00+00:00,159.1199951171875,366.5328369140625,61.017906188964844,191.6925811767578,151.8140869140625,51047400,1404800,390309000,44594000,26115500,0.8684596622424712,-0.23391214406064398,-0.9510336235648675,-0.9012764829589237,0.21071944661190667,154.44642748151506,353.18348693847656,57.26235498700823,188.2186279296875,144.38604736328125
2024-01-29 00:00:00+00:00,161.25999450683594,368.78497314453125,62.45159912109375,191.0052032470703,153.1308135986328,45270400,1683100,348733000,47145600,27784300,1.344896590822775,0.614443237727369,2.34962656320743,-0.3585834806270727,0.8673283957605804,155.31499808175224,355.5991755894252,57.99162701198033,188.65767669677734,145.43131583077567
2024-01-30 00:00:00+00:00,159.0,366.7600402832031,62.760528564453125,187.32913208007812,151.0858917236328,45207400,1849500,410735000,55859400,36331800,-1.4014601164705653,-0.5490822589819921,0.49467018892559445,-1.9245921600560267,-1.3354084830763613,155.85999843052454,357.7015141078404,58.679621832711355,188.8640354701451,146.18017578125
2024-01-31 00:00:00+00:00,155.1999969482422,359.4307556152344,61.513797760009766,183.70291137695312,139.7539520263672,50284400,2320100,453795000,55467800,71910000,-2.3899390262627773,-1.9983869186810166,-1.9864886943439353,-1.9357484139599257,-7.500329493367963,155.96499851771765,359.09896414620533,59.19215447562082,188.73666272844588,146.02484675816126
2024-02-01 00:00:00+00:00,159.27999877929688,366.3747863769531,63.01347732543945,186.15362548828125,140.81134033203125,76542400,1500000,369146000,64885400,40466500,2.6288672108771616,1.931952303255935,2.4379563935891913,1.3340638387049353,0.756607087193184,156.25785609654017,360.80682373046875,59.7781001499721,188.82703508649553,145.95929500034876
2024-02-02 00:00:00+00:00,171.80999755859375,368.38983154296875,66.14580535888672,185.14743041992188,142.0283203125,117154900,1590500,476578000,102518000,62470600,7.866649218561839,0.549995589473351,4.970885858702956,-0.540518652655908,0.8642627629274147,157.4857134137835,362.0709206717355,60.595782143729075,188.82205418178015,145.940058026995
2024-02-05 00:00:00+00:00,170.30999755859375,365.811767578125,69.31713104248047,186.9705047607422,143.32510375976562,55081300,1787300,680078000,69668800,38505400,-0.8730574595861018,-0.6998195238032912,4.7944471556240265,0.9846608925036193,0.913045683010516,158.71071297781808,363.2752990722656,61.52058410644531,189.11024584089006,146.02484784807478
2024-02-06 00:00:00+00:00,169.14999389648438,360.24072265625,68.20836639404297,188.5843963623047,143.7440643310547,42505500,4012000,683111000,43490800,29128200,-0.681113075414308,-1.5229266567224897,-1.599553576096513,0.8631797852969969,0.292314856433884,159.956426348005,364.054933820452,62.38968358721052,189.58131735665458,146.21223994663782
2024-02-07 00:00:00+00:00,170.52999877929688,362.1669006347656,70.08395385742188,188.6939697265625,145.1804962158203,47174100,2531800,495575000,53439000,25208900,0.8158468416245013,0.5346919038782927,2.749790916474315,0.058103091438854726,0.9992982259478866,161.17285483224052,364.55587986537387,63.31748417445591,189.63682011195593,146.35901859828405
2024-02-08 00:00:00+00:00,169.83999633789062,363.9745178222656,69.62605285644531,187.6081085205078,145.54959106445312,42316500,1679800,414422000,40962000,22563800,-0.4046223223746481,0.49911164833997823,-0.6533606849695062,-0.5754615304496613,0.25423170346803303,162.2085691179548,364.87902396065846,64.04232815333775,189.40626743861608,146.32552991594588
2024-02-09 00:00:00+00:00,174.4499969482422,367.1255187988281,72.11752319335938,188.37615966796875,148.63197326660156,56986000,1482600,436637000,45155200,26829500,2.714319777292107,0.8657202145401888,3.5783592989982793,0.4093912323501536,2.117753941873657,163.61356898716517,365.1937016078404,64.93349375043597,189.06477682931083,146.53999982561385
2024-02-12 00:00:00+00:00,172.33999633789062,362.9373474121094,72.23249816894531,186.680419921875,147.16558837890625,51050400,1325000,613710000,41781900,21564100,-1.2095159915523457,-1.140800944707343,0.15942723833939354,-0.9001880859460409,-0.9865877815300572,164.77928270612443,365.02225385393416,65.81723240443638,188.51036725725447,146.57491302490234
2024-02-13 00:00:00+00:00,168.63999938964844,358.37384033203125,72.11251831054688,184.57571411132812,144.781494140625,56345100,1696900,602580000,56529500,27837700,-2.146917156124317,-1.2573815047191461,-0.16610232435518846,-1.1274379023936687,-1.6200079546741186,165.61999729701452,364.5925750732422,66.58606692722866,187.8540093558175,146.32125527518136
2024-02-14 00:00:00+00:00,170.97999572753906,366.4439392089844,73.88414764404297,183.6879425048828,145.5795135498047,42815500,2114600,504917000,54630500,22704200,1.3875689909627953,2.2518660596086537,2.456756988941522,-0.48097964064213183,0.5511888200328885,166.56499699183874,364.52484130859375,67.46323612758091,187.15772138323103,145.8987306867327
2024-02-15 00:00:00+00:00,169.8000030517578,366.96746826171875,72.64241027832031,183.398681640625,142.4173583984375,49855200,2358800,420122000,65434500,37590700,-0.6901349311422389,0.14286743392850632,-1.6806546536952238,-0.15747406188629798,-2.1721154812661014,167.3278547014509,364.5558864048549,68.29355784824916,186.56529998779297,145.22753579275948
2024-02-16 00:00:00+00:00,169.50999450683594,364.9622802734375,72.59741973876953,181.85255432128906,140.17291259765625,48074600,2410200,495327000,49701400,31451100,-0.1707941929974366,-0.5464211849021905,-0.061934260411244946,-0.8430416759296122,-1.5759636507945984,167.9171404157366,364.2828369140625,69.01825932094029,185.91153935023718,144.30197143554688
2024-02-20 00:00:00+00:00,167.0800018310547,358.5121154785156,69.43709564208984,181.1044464111328,140.77142333984375,41980300,1631000,704833000,53665600,25144700,-1.433539469369316,-1.767351078059154,-4.353218210856003,-0.4113815794055453,0.42698031388235247,168.49428340366907,363.6936994280134,69.49515696934291,185.4669189453125,143.56522369384766
2024-02-21 00:00:00+00:00,168.58999633789062,356.4970397949219,67.45752716064453,181.862548828125,142.19790649414062,44575600,1758000,690298000,41529700,23315700,0.903755380828164,-0.5620662724059367,-2.8508803012857853,0.4185995606486692,1.0133329055380225,169.4507119315011,363.48414829799106,69.91970906938825,185.33546447753906,143.7397918701172
2024-02-22 00:00:00+00:00,174.5800018310547,366.7698974609375,78.52114868164062,183.90737915039062,143.7340850830078,55392400,1614600,865100000,52292200,27191900,3.5530017339574504,2.881610930605527,16.400870275972302,1.124382307100591,1.080310270904361,170.54356929234095,363.51237051827565,71.02739988054547,185.17501831054688,143.9485593523298
2024-02-23 00:00:00+00:00,174.99000549316406,372.7064208984375,78.80008697509766,182.0620574951172,143.6044158935547,59715200,1614500,829388000,45119700,19493800,0.23485144793740087,1.6185961494106227,0.35523970056521303,-1.0033972882428022,-0.09021464141802937,170.77071271623885,363.8206983293806,71.93127713884626,184.9546345302037,144.06113760811942
2024-02-26 00:00:00+00:00,174.72999572753906,372.8644714355469,79.07503509521484,180.70545959472656,137.23019409179688,44368600,1455000,503973000,40867400,53641800,-0.14858549486425066,0.04240617500723687,0.348918549041799,-0.7451293910742507,-4.438736623867223,171.0864268711635,364.324462890625,72.62827028547015,184.5071313040597,143.62578691755022
2024-02-27 00:00:00+00:00,173.5399932861328,373.2891845703125,78.68411254882812,182.17176818847656,138.53697204589844,31141700,1083200,391705000,54318900,33099200,-0.6810521779339163,0.11390549845911035,-0.49436910893053687,0.811435690453699,0.9522525000783988,171.3999982561384,365.2564958844866,73.3765378679548,184.04908643450057,143.25385175432478
2024-02-28 00:00:00+00:00,173.16000366210938,373.40771484375,77.6463394165039,180.9647979736328,136.0431365966797,28180500,1264200,393110000,48953900,37328600,-0.21896371944472026,0.03175293534793955,-1.318910639908688,-0.6625451500229196,-1.8001226765606781,171.58785574776786,366.05941118512834,73.91670826503209,183.49700273786272,142.60118321010046
2024-02-29 00:00:00+00:00,176.75999450683594,370.1974792480469,79.09502410888672,180.29647827148438,138.1179962158203,53805400,3329500,507289000,136682600,42133000,2.078996747858297,-0.8597132485723913,1.8657475719646044,-0.36930923010000116,1.5251483250432907,172.08214133126395,366.503908429827,74.59306335449219,182.97474343436105,142.07035500662667
2024-03-01 00:00:00+00:00,178.22000122070312,376.3315124511719,82.26134490966797,179.20921325683594,136.80125427246094,31956200,2109900,479135000,73488000,31119500,0.8259825521836239,1.6569624449049636,4.003185834322909,-0.6030428464671833,-0.953345675028372,172.35142735072546,367.1614794049944,75.31762204851422,182.31996154785156,141.22530364990234
2024-03-04 00:00:00+00:00,177.5800018310547,379.01824951171875,85.21871185302734,174.66065979003906,133.0206298828125,37381500,1642900,615616000,81510100,55999400,-0.3591063770984282,0.7139282711265071,3.5950870321982853,-2.538124789531915,-2.763588981515286,172.72571345738,368.3101152692522,76.24520874023438,181.46140725272042,140.21494947160994
2024-03-05 00:00:00+00:00,174.1199951171875,372.27178955078125,85.9495849609375,169.69314575195312,132.34230041503906,37228300,1539400,520639000,95132400,40194800,-1.9484213752621549,-1.7799828819928365,0.8576439282145687,-2.8440943965615473,-0.5099430579835862,173.1171417236328,369.3028259277344,77.2335706438337,180.3983666556222,139.32643563406808
2024-03-06 00:00:00+00:00,173.50999450683594,376.1734619140625,88.68512725830078,168.69566345214844,131.07542419433594,32090900,1451200,582520000,68587700,35318600,-0.35033346396604603,1.0480709182904668,3.182728920222866,-0.5878153153355714,-0.9572723284468121,173.297855922154,369.99779183524,78.29078347342355,179.32748958042689,138.2904292515346
2024-03-07 00:00:00+00:00,176.82000732421875,382.1791687011719,92.65345764160156,168.57595825195312,134.04808044433594,34063300,1564300,608119000,71765100,37738200,1.9076784751165476,1.5965259102943774,4.474628955250615,-0.07095926341299519,2.2678974859487555,173.79928479875838,371.0843418666295,79.72014399937221,178.26872362409318,137.69262368338448
2024-03-08 00:00:00+00:00,175.35000610351562,373.5460205078125,87.5133285522461,170.30162048339844,135.07553100585938,37853500,1641100,1142269000,76114600,39343100,-0.8313545751684748,-2.2589269380377197,-5.547692682164451,1.023670426874368,0.7664791305609819,174.21642848423548,371.6974661690848,80.78556605747768,177.44365692138672,137.32852499825614
2024-03-11 00:00:00+00:00,171.9600067138672,368.6565246582031,85.7596206665039,172.31655883789062,137.3299560546875,28484800,2220000,678364000,60139500,32437800,-1.9332758891648982,-1.3089406876728105,-2.0039323320849456,1.1831586503832536,1.669010687605832,174.56500026157923,372.4220668247768,81.95146070207868,176.81595066615515,137.08270590645927
2024-03-12 00:00:00+00:00,175.38999938964844,375.8277893066406,91.89759063720703,172.7953338623047,138.15789794921875,36610600,1793700,668075000,59825400,27563400,1.9946455814511488,1.9452428395472676,7.157179477941078,0.2778462079575661,0.6028851376035815,175.05071476527624,373.8028346470424,83.69717952183315,176.16829245431083,136.79413386753626
2024-03-13 00:00:00+00:00,176.55999755859375,374.08929443359375,90.87276458740234,170.70062255859375,139.44471740722656,30772600,1635800,635713000,52488700,23347200,0.6670837408158103,-0.46257752154362786,-1.1151827188271901,-1.2122499241675966,0.9314121574727441,175.192143031529,374.32564871651783,84.57943780081612,175.2249526977539,136.48775046212333
2024-03-14 00:00:00+00:00,178.75,373.5855407714844,87.92925262451172,172.56593322753906,142.7465362548828,43705800,1706700,602318000,72913500,42753400,1.2403729449981915,-0.13466134145113662,-3.2391574926275313,1.0927380585885382,2.367833582403711,175.46071406773157,374.38844299316406,85.23152106148856,174.5466581072126,136.42647334507532
2024-03-15 00:00:00+00:00,174.4199981689453,370.0196838378906,87.822265625,172.18687438964844,140.83126831054688,72115500,3865400,642086000,121664700,49460600,-2.4223786467438835,-0.9544954352970869,-0.1216739552746926,-0.2196602949382953,-1.3417263876134289,175.4385713849749,374.18524387904574,85.8563232421875,173.9381877354213,136.6836929321289
2024-03-18 00:00:00+00:00,174.47999572753906,368.11328125,88.44017028808594,173.28411865234375,147.31521606445312,31250700,2164400,668976000,75604200,69273700,0.0343983254349256,-0.5152165333793035,0.7035854275547537,0.6372403625913625,4.604054079530484,175.5057144165039,373.81553649902344,86.55318450927734,173.30335562569755,137.31071036202567
2024-03-19 00:00:00+00:00,175.89999389648438,373.45709228515625,89.38301849365234,175.63821411132812,146.6668243408203,26880900,2062800,672171000,55215200,24070400,0.8138458297320961,1.4516756953213639,1.0660859228280195,1.3585177206616006,-0.44013900325756694,175.70142800467355,373.81906345912387,87.39151872907367,172.92288534981864,138.06954520089286
2024-03-20 00:00:00+00:00,178.14999389648438,375.78826904296875,90.35684967041016,178.22169494628906,148.3726043701172,29947200,2877600,479063000,53423100,21311500,1.2791359170393646,0.6242154201834049,1.089503569212047,1.470910443967166,1.1630305878397085,175.80071367536272,374.2184055873326,88.19593484061105,172.7746865408761,138.80201721191406
2024-03-21 00:00:00+00:00,178.14999389648438,340.8112487792969,91.41967010498047,170.94000244140625,147.2354278564453,32824300,9574800,480372000,106181300,24755600,0.0,-9.307640271142281,1.1762477758433532,-4.085749777588699,-0.766432939894468,175.79571315220423,371.6812438964844,88.85010092599052,172.18402862548828,139.5473153250558
2024-03-22 00:00:00+00:00,178.8699951171875,333.373291015625,94.273193359375,171.84771728515625,150.39759826660156,27964100,5899300,586719000,71106600,29175700,0.40415450203241665,-2.182427308462631,3.1213449481033217,0.5310137070233978,2.147696689712042,175.88785552978516,368.420889718192,89.49684960501534,171.9831041608538,140.78852735246932
2024-03-25 00:00:00+00:00,179.7100067138672,329.7383117675781,94.98606872558594,170.42132568359375,149.69932556152344,29815500,5320000,552136000,54288300,19229300,0.4696213001679439,-1.09036306927075,0.7561803528744582,-0.8300323240230223,-0.46428447869250045,176.28714207240515,365.38278416224887,90.14231273106166,172.03511701311385,142.0283148629325
2024-03-26 00:00:00+00:00,178.3000030517578,332.2768859863281,92.54547882080078,169.2841796875,150.29783630371094,29659000,3006500,513648000,57388400,22149100,-0.7845994154095037,0.769875421858579,-2.5694187974407146,-0.6672556920517048,0.399808576252747,176.62928553989954,362.247314453125,90.4180521283831,172.0771538870675,143.4013442993164
2024-03-27 00:00:00+00:00,179.8300018310547,336.771240234375,90.23486328125,172.87513732910156,150.49732971191406,33272600,3295200,586067000,60273300,22879200,0.8581036192426339,1.3525931046048711,-2.496735193325772,2.121260030459138,0.13273205596919802,176.84428514753068,359.00389099121094,90.24529538835797,172.38423810686385,144.57629067557198
2024-03-28 00:00:00+00:00,180.3800048828125,342.37188720703125,90.34085083007812,171.0497283935547,150.55718994140625,38051600,3614900,435212000,65672700,24485400,0.30584610251771505,1.6630419416926667,0.11745742717841345,-1.055911777569174,0.039774944583248484,177.20357077462333,356.7771671840123,90.44726126534599,172.43767438616072,145.6821234566825
2024-04-01 00:00:00+00:00,180.97000122070312,335.02288818359375,90.34784698486328,169.60337829589844,155.10594177246094,29174500,2320200,452441000,46240500,31730800,0.3270852211551434,-2.1464960465616634,0.0077441763287389165,-0.8455728700886622,3.02127838120847,177.8471418108259,354.374764578683,90.77499171665737,172.24387577601843,146.95183672223772
2024-04-02 00:00:00+00:00,180.69000244140625,332.34600830078125,89.43700408935547,168.41635131835938,154.17822265625,32611500,2453300,433064000,49329500,24586000,-0.15472110151306673,-0.7990140307505111,-1.0081511910963514,-0.6998840409110918,-0.5981196500981834,178.22571345738,351.2689230782645,90.59923553466797,171.93109130859375,148.0961456298828
2024-04-03 00:00:00+00:00,182.41000366210938,328.2171325683594,88.94908142089844,169.22433471679688,154.53733825683594,31046600,1975700,370067000,47691700,24705000,0.9519072430478781,-1.2423425072959349,-0.545548985484301,0.4797535346851012,0.2329223896857302,178.64357103620256,347.9923400878906,90.46182959420341,171.82564217703683,149.1741899762835
2024-04-04 00:00:00+00:00,180.0,326.4292297363281,85.89059448242188,168.39642333984375,150.15818786621094,41624300,2273000,434965000,53704400,34724700,-1.3212014767422509,-0.5447317201392243,-3.4384693912735242,-0.4892389610150705,-2.833716718575152,178.73285675048828,344.624032156808,90.3162111554827,171.52782004220145,149.70359366280692
2024-04-05 00:00:00+00:00,185.07000732421875,328.9283447265625,87.99324798583984,169.15451049804688,152.12332153320312,42335200,3694700,399678000,42055200,23449300,2.816670735677085,0.7655916696715614,2.4480602516359307,0.45018008290664824,1.3087089654698625,179.49357169015067,341.68893650599887,90.32842418125698,171.31122262137276,150.51016889299666
2024-04-08 00:00:00+00:00,185.19000244140625,327.74298095703125,87.11839294433594,168.02734375,154.467529296875,39221300,2431900,283220000,37425500,20702000,0.06483768975988902,-0.3603714269491243,-0.9942297409509138,-0.6663533503943331,1.540991703339989,180.2585721697126,338.8053436279297,90.23401151384626,170.93573869977678,151.02104840959822
2024-04-09 00:00:00+00:00,185.6699981689453,330.360595703125,85.33968353271484,169.24427795410156,156.21319580078125,36546900,2416600,503547000,42451200,31113000,0.2591909504893186,0.798679116925749,-2.04171513213931,0.7242477188190266,1.1301187452485317,180.95642961774553,335.72702244349887,89.9452018737793,170.47902897426061,151.7029320853097
2024-04-10 00:00:00+00:00,185.9499969482422,321.6741943359375,87.02440643310547,167.3590087890625,155.75433349609375,35879200,2156700,431929000,49709300,22838600,0.15080453603608657,-2.629369688809202,1.9741377406734761,-1.113933769477482,-0.2937410647898653,181.5135726928711,331.86173139299666,89.70717021397182,169.70312282017298,152.2301984514509
2024-04-11 00:00:00+00:00,189.0500030517578,322.4575500488281,90.60079956054688,174.60079956054688,159.01626586914062,40020700,2204200,431637000,91070300,27166400,1.6671181255133227,0.2435245744557779,4.109643804569396,4.327099463532225,2.094280332257137,182.29214477539062,330.55075291224887,89.648679460798,169.96460832868303,153.07168688092912
2024-04-12 00:00:00+00:00,186.1300048828125,312.74981689453125,88.17121124267578,176.10702514648438,157.3404083251953,38554300,4207400,426805000,101593300,25329200,-1.5445639364236818,-3.0105460867102862,-2.6816411440689802,0.8626682064048596,-1.0538906411778237,182.8107169015067,329.077647617885,89.21282359531948,170.2688446044922,153.56760188511439
2024-04-15 00:00:00+00:00,183.6199951171875,310.6377258300781,85.98657989501953,172.25669860839844,154.4774932861328,48052400,2997900,443077000,73531800,27136500,-1.3485250630092094,-0.6753292729074212,-2.4777150238340706,-2.186356015544111,-1.8195675666135003,183.09000178745814,327.71332005092074,88.57000296456474,170.39994267054968,153.90889957972936
2024-04-16 00:00:00+00:00,183.32000732421875,311.3020935058594,87.40034484863281,168.95501708984375,154.01861572265625,32891300,2900300,370453000,73711200,20779500,-0.1633742516860992,0.21387217988604323,1.644169305651344,-1.9167216980400914,-0.2970514045218198,183.44857352120536,326.2151205880301,88.20249339512416,170.37643105643136,154.17466953822546
2024-04-17 00:00:00+00:00,181.27999877929688,311.8970642089844,84.02091217041016,167.57847595214844,155.0859832763672,31359700,2760000,495400000,50901200,21763100,-1.1128128209780819,0.19112325793395613,-3.86661252203917,-0.8147382429983252,0.6930120418904284,183.55214473179407,324.43839372907365,87.75863974434989,169.9980981009347,154.50243050711495
2024-04-18 00:00:00+00:00,179.22000122070312,313.34478759765625,84.65679931640625,166.62086486816406,155.62464904785156,30723800,3025100,447260000,43122900,19883000,-1.1363622972558218,0.4641670457346203,0.7568200934386482,-0.5714403825093917,0.34733362751711017,183.4692873273577,322.36502947126115,87.3526360648019,169.68175070626395,154.86439187186105
2024-04-19 00:00:00+00:00,174.6300048828125,314.2173767089844,76.18722534179688,164.58599853515625,153.7093963623047,55950000,3381500,875198000,67772100,32239100,-2.561096030926935,0.27847570659083054,-10.004599799425673,-1.221255413971034,-1.2306872319165607,183.0164304460798,320.87892150878906,86.34116309029716,169.32336643763952,154.76463862827845
2024-04-22 00:00:00+00:00,177.22999572753906,314.75286865234375,79.50466918945312,165.4238739013672,155.8939666748047,37924900,2433300,596341000,48116400,26446200,1.4888568814227066,0.1704208560862952,4.354330837976161,0.5090805862395076,1.4212340716964311,182.769287109375,319.6222686767578,85.63171059744698,169.1096180507115,154.88719177246094
2024-04-23 00:00:00+00:00,179.5399932861328,314.16778564453125,82.4091796875,166.48121643066406,157.86907958984375,37046500,2000300,438559000,49537800,21151600,1.303389727631088,-0.18588647351098775,3.6532577616613437,0.6391716651051871,1.2669591756294007,182.5642863682338,318.6187438964844,85.1645747593471,168.91368103027344,155.1251732962472
2024-04-24 00:00:00+00:00,176.58999633789062,310.90545654296875,79.66364288330078,168.59591674804688,158.73695373535156,34185100,4133800,512208000,48251800,22779100,-1.6430862529557833,-1.038403442564828,-3.331590988540889,1.2702335811340948,0.5497429564818024,182.32071467808314,317.50990295410156,84.71979250226703,168.9279305594308,155.7379422869001
2024-04-25 00:00:00+00:00,173.6699981689453,306.4035949707031,82.61814880371094,169.46372985839844,155.6146697998047,49249400,3639000,424641000,50558300,57109700,-1.6535467634067658,-1.447984098549726,3.708725603646079,0.5147296133206192,-1.9669546769508939,181.50642830984933,315.9009922572545,84.33585684640067,168.95001765659876,155.98732430594308
2024-04-26 00:00:00+00:00,179.6199951171875,305.42193603515625,87.72028350830078,168.87521362304688,171.52528381347656,43919800,3371800,551011000,44838400,64665300,3.4260361668536854,-0.3203810110781302,6.175561639261362,-0.34728153088765534,10.224366400764517,181.1085706438337,314.306631905692,84.37884902954102,169.01057979038782,157.20573534284318
2024-04-29 00:00:00+00:00,180.9600067138672,300.6126708984375,87.7422866821289,173.06466674804688,165.73959350585938,54063900,4719100,388971000,68169400,45610000,0.7460258507441919,-1.5746299035198197,0.025083336428166625,2.4807981201737883,-3.37308306914611,180.7721426827567,312.18178013392856,84.55046354021344,169.28346470424108,157.88619232177734
2024-04-30 00:00:00+00:00,175.0,298.381591796875,86.38751220703125,169.90261840820312,162.3779296875,94639800,5225000,363709000,65934800,33562900,-3.293549122868411,-0.7421773323441405,-1.544038258320879,-1.8270906472475756,-2.0282804773746,179.99000004359655,310.5180228097098,84.50497109549386,169.46515110560827,158.35930633544922
2024-05-01 00:00:00+00:00,179.0,296.1505126953125,83.0270767211914,168.87521362304688,163.45526123046875,94645100,2617200,559863000,50383100,33493200,2.285714285714291,-0.7477267910955154,-3.8899551566972113,-0.6047021492557758,0.6634716583972411,179.2721426827567,308.6389487130301,83.96399089268276,169.0561806815011,158.67637743268693
2024-05-02 00:00:00+00:00,184.72000122070312,297.81634521484375,85.8026123046875,172.59585571289062,166.20843505859375,54303500,2684200,377898000,94214900,24294500,3.1955314082140474,0.5624952340518519,3.3429282266753457,2.203190160368207,1.6843592597751034,179.17142813546317,307.57227216448103,83.79480525425502,168.80538286481584,159.30980791364397
2024-05-03 00:00:00+00:00,186.2100067138672,301.1580505371094,88.77411651611328,182.9198760986328,166.82691955566406,39172000,2767100,398341000,163224100,34662400,0.8066292135759712,1.1220691462904497,3.4631861800126673,5.981615458320144,0.37211378402803863,179.35642896379744,306.8951525006975,83.99391501290458,169.5670383998326,160.19190979003906
2024-05-06 00:00:00+00:00,188.6999969482422,303.4883117675781,92.12454986572266,181.2540740966797,167.68479919433594,34725300,2361300,376203000,78569700,21871300,1.3371946429286963,0.7737668730132707,3.7741106091450094,-0.9106730430185173,0.5142333389340337,179.74071393694197,306.3370252336775,84.33135822841099,170.44554247174943,161.16806575230189
2024-05-07 00:00:00+00:00,188.75999450683594,308.0496826171875,90.538818359375,181.9423370361328,170.82699584960938,34048900,2483600,437342000,77305800,28039700,0.03179520909595279,1.5029807319573596,-1.7212909139409205,0.3797227416173943,1.8738708996704156,180.27499934605189,306.0622122628348,84.7969229561942,171.47153254917689,162.29242379324776
2024-05-08 00:00:00+00:00,188.0,309.36846923828125,90.39684295654297,182.281494140625,168.96163940429688,26136400,2296400,325721000,45057100,19569100,-0.4026247769404412,0.4281084174115435,-0.15681163660484776,0.18640911731546694,-1.0919564768057555,180.90214211600167,305.7781895228795,85.20692607334682,172.59014892578125,163.2450659615653
2024-05-09 00:00:00+00:00,189.5,304.03369140625,88.73212432861328,184.10690307617188,169.54019165039062,43368400,3238100,378013000,48983000,15346700,0.7978723404255428,-1.7244090340448714,-1.8415672201406164,1.0014230704838534,0.3424163307917283,181.9642846243722,305.050783429827,86.10299028669085,173.98449925013952,164.37583705357142
2024-05-10 00:00:00+00:00,187.47999572753906,303.75604248046875,89.86292266845703,182.83836364746094,168.23341369628906,34141800,1786900,335325000,50759500,29799900,-1.065965315282813,-0.09132176256422264,1.2743956581676263,-0.6890232834920296,-0.7707776789566689,182.69642748151506,304.26529584612166,86.84286553519112,175.22839137486048,165.2572261265346
2024-05-13 00:00:00+00:00,186.57000732421875,304.82696533203125,90.38385009765625,186.06463623046875,168.72222900390625,24898600,1695000,289680000,72044800,31327600,-0.48537893325044656,0.3525601804715839,0.5796911715426178,1.7645490359061267,0.290557801139113,183.19857134137834,303.59809439522877,87.41248485020229,176.62720707484655,166.03245108468192
2024-05-14 00:00:00+00:00,187.07000732421875,304.3708190917969,91.34068298339844,187.2133026123047,169.91925048828125,38698200,1813600,296507000,52393600,25127100,0.2679959159411549,-0.14964103970838138,1.0586325817149467,0.6173480383521834,0.709462820306439,183.9471435546875,303.13133457728793,88.2465591430664,177.95702035086495,166.83118656703405
2024-05-15 00:00:00+00:00,185.99000549316406,305.9276123046875,94.61412811279297,189.5006561279297,172.08389282226562,75459900,4230800,417735000,70400000,26948400,-0.5773249525686364,0.5114791284972275,3.583775621635654,1.2217900564266193,1.27392413029368,184.827144077846,303.0973358154297,89.10341480800084,179.3882293701172,168.00755964006697
2024-05-16 00:00:00+00:00,183.6300048828125,305.4120178222656,94.34317779541016,189.62051391601562,173.749755859375,38834500,2583100,323952000,52845200,27867900,-1.2688857146349708,-0.16853479767245938,-0.28637405722303777,0.06324927339831365,0.9680528547956202,185.1135733468192,303.0966273716518,89.57647868565151,180.87003653390067,168.16645050048828
2024-05-17 00:00:00+00:00,184.6999969482422,301.0390625,92.46348571777344,189.65048217773438,175.6251220703125,33175700,4232000,359691000,41282900,24479300,0.5826891232250109,-1.4318216268786377,-1.992398519491212,0.015804335248259527,1.0793489761535824,185.3807155064174,303.1270839146205,89.91370718819755,182.0547376360212,168.8725596836635
2024-05-20 00:00:00+00:00,183.5399932861328,303.1313171386719,94.76411437988281,190.81912231445312,176.48300170898438,30511800,2418000,318764000,44361300,22554400,-0.6280474722663021,0.6950110132873055,2.4881483152512596,0.6162073111016575,0.48847205260784676,185.99071502685547,303.46635001046315,90.5120359148298,183.54877362932478,169.88006482805525
2024-05-21 00:00:00+00:00,183.14999389648438,301.0886535644531,95.37001037597656,192.12762451171875,177.41070556640625,50839100,1866500,328946000,42309400,16989400,-0.21248741632045043,-0.6738543524634544,0.639372825946416,0.6857290723250031,0.5256618758964882,186.28714316231864,303.81907435825894,91.39367403302874,185.20966012137276,170.8768822806222
2024-05-22 00:00:00+00:00,183.1300048828125,304.5294494628906,94.93408203125,190.67929077148438,175.9443359375,28148800,2432400,548648000,34648500,17880000,-0.010914012742568868,1.1427849763528064,-0.4570916402420466,-0.7538394043621999,-0.8265395395529729,186.17357199532645,304.298581804548,92.04592187064034,186.50133405412947,171.57230377197266
2024-05-23 00:00:00+00:00,181.0500030517578,303.3594055175781,103.78160095214844,186.6639404296875,173.121337890625,33670200,2526100,835065000,51005900,21024900,-1.1358061353112014,-0.38421372625082606,9.31964446444644,-2.1058135498358777,-1.6044836179766597,185.80500030517578,304.45582144601,93.11788504464286,186.76876722063338,172.02190508161272
2024-05-24 00:00:00+00:00,180.75,298.46087646484375,106.4511489868164,189.76034545898438,174.5577850341797,27434100,2048200,429494000,36294600,16572500,-0.1657017656453985,-1.6147608953731685,2.5722748639220194,1.6588126352466093,0.8297343129719748,185.23714338030135,304.09671892438615,94.14121355329242,187.37635803222656,172.51283264160156
2024-05-28 00:00:00+00:00,182.14999389648438,295.2283020019531,113.88190460205078,189.77035522460938,175.9642791748047,29927000,3530200,652728000,52280100,20572200,0.7745471073219212,-1.0830814749253737,6.980437210832413,0.005274951202682843,0.8057470140043321,184.76500047956193,303.180906023298,95.80857685634068,187.9355021885463,172.87978145054407
2024-05-29 00:00:00+00:00,182.02000427246094,291.3015441894531,114.80574798583984,190.0699920654297,175.4654998779297,32009300,4480000,557442000,53068000,23388700,-0.07136405620595809,-1.3300749914125887,0.8112293054961972,0.15789444060725355,-0.283454857550669,184.33785792759485,301.8904113769531,97.55207007271903,188.49182346888952,173.34434291294642
2024-05-30 00:00:00+00:00,179.32000732421875,282.4069519042969,110.4814682006836,191.06883239746094,171.6848907470703,29249200,5007800,487350000,49947900,22958700,-1.4833517662161122,-3.0533968880616325,-3.766605645642074,0.5255118502279998,-2.1546167956034257,183.61071559361048,300.34564426967074,99.10559463500977,188.98910413469588,173.4975357055664
2024-05-31 00:00:00+00:00,176.44000244140625,279.91802978515625,109.6146240234375,192.02772521972656,172.07391357421875,58903900,6882000,613263000,75158300,37638900,-1.6060700229647673,-0.8813246637016547,-0.7846059537075623,0.5018572679980293,0.22659118426533453,182.822144644601,298.64292907714844,100.5164304460798,189.64548710414343,173.77185712541853
2024-06-03 00:00:00+00:00,178.33999633789062,279.39251708984375,114.98072052001953,193.8056640625,172.7422637939453,30786600,3596600,438392000,50080500,27459100,1.076849847083472,-0.18773806593159748,4.895420245600324,0.9258761154093964,0.3884087981983919,182.23428671700614,296.826182774135,102.27334976196289,190.19841766357422,174.05900246756417
2024-06-04 00:00:00+00:00,179.33999633789062,285.6395568847656,116.41747283935547,194.12530517578125,173.36073303222656,27198400,3498600,403324000,47471400,26879600,0.560726713319748,2.235936688638307,1.249559328588301,0.16492867472550632,0.35803006438481777,181.68214307512557,295.4882354736328,104.06454903738839,190.69213213239397,174.30482264927454
2024-06-05 00:00:00+00:00,181.27999877929688,288.5746765136719,122.41947174072266,195.64353942871094,174.9767303466797,32116400,3002200,528402000,54156800,22068500,1.0817455564965828,1.027560629528046,5.1555825384127285,0.7820898215999739,0.9321587917794139,181.34571402413505,294.24874005998885,106.05064501081195,191.1309095110212,174.51145390101843
2024-06-06 00:00:00+00:00,185.0,289.28863525390625,120.97771453857422,194.25514221191406,176.29345703125,31371200,2363200,664696000,41181800,23251000,2.0520748266509736,0.247408659990489,-1.177718856034593,-0.7096565625683615,0.7525153098709048,181.44357081821985,293.0970698765346,107.95311192103794,191.46195438929968,174.69314684186662
2024-06-07 00:00:00+00:00,184.3000030517578,285.9767150878906,120.86773681640625,196.66236877441406,174.02908325195312,28021500,2626900,412386000,53103900,19661400,-0.3783767287795614,-1.1448497322090745,-0.09090742256739892,1.2392086691192628,-1.284434384252553,181.41499982561385,292.0211879185268,109.98198699951172,191.96280343191964,174.57914406912667
2024-06-10 00:00:00+00:00,187.05999755859375,287.9896240234375,121.76958465576172,192.89671325683594,174.778076171875,34494500,2509900,314162700,97262100,23779200,1.497555323458588,0.7038716193828121,0.7461443914726029,-1.9147819387335896,0.4303837645559083,181.66642870221818,290.93963841029574,111.9109491620745,192.11120278494698,174.45736367361886
2024-06-11 00:00:00+00:00,187.22999572753906,291.7477722167969,120.899658203125,206.91049194335938,176.3859405517578,27265100,2457600,222551200,172373300,21540600,0.09087895389929823,1.3049595818263038,-0.714403728234736,7.264913149590346,0.9199462627690558,181.9578574044364,290.27243259974887,113.73449543544224,193.16712188720703,174.38416617257255
2024-06-12 00:00:00+00:00,186.88999938964844,283.3291320800781,125.18928527832031,212.82366943359375,177.55438232421875,33984200,3749600,299595000,198134300,27864700,-0.18159287809064173,-2.885588490616775,3.548088670348637,2.857843231967694,0.6624347546102083,182.22642844063895,288.7581242152623,115.89558138166156,194.74886322021484,174.4991694859096
2024-06-13 00:00:00+00:00,183.8300018310547,279.9477844238281,129.59890747070312,213.9923095703125,174.92788696289062,39721500,3119200,260704500,97862700,20913300,-1.6373254687715777,-1.1934345160434567,3.522363900855696,0.5491119196605165,-1.4792624811321597,182.4249997820173,287.08586556570873,117.73967470441546,196.70088958740234,174.62820870535714
2024-06-14 00:00:00+00:00,183.66000366210938,284.3008728027344,131.8687286376953,212.2443389892578,176.5557098388672,25456400,2966200,309320400,70122700,18063600,-0.09247574783878276,1.5549643973305605,1.7514199859326007,-0.8168380371072814,0.9305679638843989,182.6328571864537,286.0744367327009,119.55521610804966,198.306889125279,174.77091761997767
2024-06-17 00:00:00+00:00,184.05999755859375,283.1308288574219,130.9687957763672,216.41949462890625,177.005126953125,35601900,3559600,288504400,93728300,19618500,0.2177904217078641,-0.4115513025963691,-0.6824459980960706,1.9671458186028445,0.25454691590998113,182.7692860194615,285.21033150809154,120.77570833478656,200.2103990827288,174.8452638898577
2024-06-18 00:00:00+00:00,182.80999755859375,282.95233154296875,135.5684051513672,214.042236328125,174.85797119140625,36659200,5314900,294335100,79943300,21869900,-0.6791263808433312,-0.0630441111529434,3.511988751010553,-1.0984492431504456,-1.213047214325813,182.82571411132812,284.6139591761998,122.25875527518136,201.9227022443499,174.80186898367745
2024-06-20 00:00:00+00:00,186.10000610351562,303.58746337890625,130.76881408691406,209.4375762939453,176.06637573242188,44726800,11374600,517768400,86172500,20160100,1.7996874289478493,7.292794416434734,-3.5403463359284904,-2.151285705649597,0.6910777545811042,183.30999973842077,286.1268528529576,123.70785140991211,203.23475537981307,175.11483219691686
2024-06-21 00:00:00+00:00,189.0800018310547,306.3837890625,126.55917358398438,207.2501220703125,179.3919677734375,72931800,8481800,655484700,246421400,58582700,1.6012872809265222,0.9210939254443717,-3.2191471126531757,-1.0444421017185235,1.8888285893211787,184.21285683768136,288.0172642299107,124.9181763785226,204.3220694405692,175.6375503540039
2024-06-24 00:00:00+00:00,185.57000732421875,304.6286315917969,118.09989929199219,207.89935302734375,178.9824981689453,50610400,4399600,476060900,80727000,18298000,-1.8563541743415901,-0.5728623815488776,-6.68404672094246,0.31325962587900325,-0.228254146255491,184.72928619384766,289.8198438371931,125.14097486223493,205.3287615094866,176.08328138078963
2024-06-25 00:00:00+00:00,186.33999633789062,304.5889892578125,126.07920837402344,208.8282928466797,183.78611755371094,45898500,4498700,425787500,56713900,23235600,0.4149318226444709,-0.013013331602229616,6.756406338927579,0.44682189040470277,2.683848663365618,185.22928619384766,291.17337472098217,125.83109882899693,206.37897491455078,176.8279517037528
2024-06-26 00:00:00+00:00,193.61000061035156,302.0603942871094,126.38919067382812,213.00344848632812,183.63632202148438,65103900,3162100,362975900,66213200,19839000,3.901472799901873,-0.8301662436532964,0.2458631393727595,1.9993247000844816,-0.08150535754301025,186.11000061035156,292.1366402762277,126.11465018136161,207.6189684186663,177.44649396623885
2024-06-27 00:00:00+00:00,197.85000610351562,300.6424255371094,123.9793930053711,213.85247802734375,185.164306640625,74397500,3162000,252571700,49772700,18848900,2.18997235669518,-0.46943219859940655,-1.9066485477195472,0.39859896496938774,0.8320710207656346,187.0278581891741,292.94762529645647,126.32905578613281,209.01877811976843,178.0801260811942
2024-06-28 00:00:00+00:00,193.25,300.860595703125,123.52943420410156,210.37648010253906,181.9086151123047,76930200,14905500,315516700,82542700,29156600,-2.3249966952787915,0.0725679902381815,-0.3629303147580698,-1.6254185861527604,-1.7582716601202697,187.66714368547713,294.01075962611606,126.51917702811105,209.99835750034876,178.642949785505
2024-07-01 00:00:00+00:00,197.1999969482422,300.0077819824219,124.28936767578125,216.49940490722656,182.7475128173828,41192000,2411100,284885500,60402900,16006100,2.043982896891161,-0.2834580974986345,0.6151841272292069,2.9104607139083027,0.46116436242462644,188.3914293561663,294.86919948032926,126.69916152954102,211.68426404680525,179.21219526018416
2024-07-02 00:00:00+00:00,200.0,301.27703857421875,122.65950775146484,220.0153350830078,184.99452209472656,45600000,2177200,218374000,58046200,17372500,1.4198798656638534,0.42307455606975797,-1.3113430012517413,1.6239906882367094,1.2295703742841946,189.30357251848494,295.5498613630022,126.82486506870815,212.62032427106584,179.82709394182478
2024-07-03 00:00:00+00:00,197.58999633789062,303.180908203125,128.26902770996094,221.29385375976562,185.57376098632812,31597900,1751200,215749000,37369800,10242100,-1.2050018310546862,0.6319331993955624,4.573245124921099,0.5811043472380817,0.31311137488976293,190.06785801478796,296.96784537179127,127.0448466709682,213.225337437221,180.399906703404
2024-07-05 00:00:00+00:00,200.0,296.62646484375,125.8192367553711,226.07830810546875,190.34742736816406,39858900,3158900,214176700,60412400,20967500,1.2196992290986808,-2.161891854675646,-1.9098850270614531,2.162036705681425,2.5723821926461055,191.22285788399833,298.1591796875,126.77487019130162,214.088623046875,181.50130244663782
2024-07-08 00:00:00+00:00,199.2899932861328,296.95367431640625,128.18902587890625,227.55661010742188,188.7794952392578,34767300,2557700,237677300,59085900,21035900,-0.355003356933592,0.11031027620163059,1.8834871237875195,0.6538893599926876,-0.8237212084162282,192.33928571428572,299.06295122419084,126.51203427995954,215.18235669817244,182.37442997523718
2024-07-09 00:00:00+00:00,199.33999633789062,295.5555114746094,131.3687744140625,228.4156036376953,188.7295684814453,32700100,2479200,285366600,48076100,15121400,0.02509059834530092,-0.4708353398945042,2.4805154055542955,0.3774856418664152,-0.026447129625606358,193.4307141985212,299.95042855399,126.54060418265206,216.03922162737166,183.2118900844029
2024-07-10 00:00:00+00:00,199.7899932861328,292.95751953125,134.89846801757812,232.71063232421875,190.9266357421875,32883800,2283500,248978600,62627700,15952500,0.2257434315787954,-0.8790199615622996,2.686858897221911,1.8803569537815257,1.164135158269164,194.64357103620256,300.6650848388672,126.49275153023856,217.37267848423548,184.35965183803015
2024-07-11 00:00:00+00:00,195.0500030517578,296.781982421875,127.38910675048828,227.30690002441406,185.3240966796875,44565000,2988000,374782700,64710600,25625800,-2.3724863074531144,1.3054667095572015,-5.566676462264441,-2.322082255475144,-2.9343936432553286,195.28285653250558,300.1789790562221,126.25134386335101,218.64905875069755,185.02091761997767
2024-07-12 00:00:00+00:00,194.49000549316406,309.3707580566406,129.2289581298828,230.27345275878906,184.8247528076172,30598500,3951600,252680500,53046500,22898400,-0.28710461411536325,4.241758725390099,1.444276850922721,1.3050869701079826,-0.2694435753453961,195.6692853655134,300.392333984375,126.44204275948661,220.29358237130302,185.40897369384766
2024-07-15 00:00:00+00:00,192.72000122070312,316.5813903808594,128.42901611328125,234.12899780273438,186.28280639648438,40683200,3866200,208326200,62631300,16474000,-0.9100746683474936,2.330741395700553,-0.619011426059457,1.6743332753967,0.7888843711236326,196.17999921526228,301.246102469308,127.17983681815011,222.16712842668807,185.930424281529
2024-07-16 00:00:00+00:00,193.02000427246094,323.6824951171875,126.34918975830078,234.54852294921875,183.67626953125,33994700,3640500,214769500,43234300,18290700,0.15566783408964557,2.243058168322909,-1.6194364933434957,0.17918547058313194,-1.3992364167450977,196.65714263916016,302.60992431640625,127.19912120274135,224.00428771972656,185.92257799421037
2024-07-17 00:00:00+00:00,187.92999267578125,324.2800598144531,117.97990417480469,228.61538696289062,180.78012084960938,48076100,4383900,390086200,57345900,20734100,-2.637038381521739,0.18461446209789845,-6.623932927077803,-2.529598529005739,-1.5767680218199853,196.25142778669084,304.1970432826451,126.59845788138253,225.11942618233817,185.71856362479073
2024-07-18 00:00:00+00:00,183.75,326.7699279785156,121.07963562011719,223.92080688476562,177.45452880859375,51043600,4563600,320979500,66034600,25315700,-2.224228616340451,0.7678141435792041,2.6273385005634475,-2.05348386234695,-1.8395783924617382,195.2442844935826,306.06329345703125,126.3913323538644,225.83859252929688,185.16786520821708
2024-07-19 00:00:00+00:00,183.1300048828125,327.8554992675781,117.91991424560547,224.0506591796875,177.42457580566406,43081800,5376200,217223800,49151500,18881900,-0.33741230867346816,0.33221272709460514,-2.609622467336481,0.05799027644122212,-0.016879255283475114,194.52142769949776,307.9915008544922,125.99065235682896,226.81531960623605,184.84757668631417
2024-07-22 00:00:00+00:00,182.5500030517578,330.1661071777344,123.52943420410156,223.70108032226562,181.4292449951172,39931900,3419300,258068900,48201800,24100300,-0.3167158934036185,0.7047641156906259,4.757059055192747,-0.15602670338118463,2.257110758906089,193.4749995640346,310.14566693987166,125.93637139456612,227.32972499302454,184.75341469900948
2024-07-23 00:00:00+00:00,186.41000366210938,328.9908752441406,122.57951354980469,224.74984741210938,181.54908752441406,47537700,1994000,173911000,39960300,36352700,2.1144894800451786,-0.35595171886043664,-0.768983247124222,0.4688252235227841,0.06605469217495497,192.50428553989954,312.12522670200894,125.93065752301898,227.66790444510323,184.50731222970145
2024-07-24 00:00:00+00:00,180.8300018310547,327.3475646972656,114.24022674560547,218.28732299804688,172.40122985839844,41532400,3286500,327776900,61777600,49585200,-2.9934025650088625,-0.49950034196405424,-6.803165196777295,-2.8754299451036247,-5.038779203330035,191.30714307512557,313.8514164515904,124.9286003112793,227.4531522478376,183.56641714913505
2024-07-25 00:00:00+00:00,179.85000610351562,328.78173828125,112.27039337158203,217.23855590820312,167.05831909179688,44464200,2764500,460067000,51391200,44852000,-0.5419431054668911,0.43811952146664,-1.7242904974356654,-0.48045258672815283,-3.099114067219799,189.86785779680525,316.14822169712613,123.96082578386579,226.82174137660436,181.9029094151088
2024-07-26 00:00:00+00:00,182.5,327.1284484863281,113.05032348632812,217.7080078125,166.7786865234375,29506000,2438200,293399100,41601300,41336900,1.4734466536293178,-0.5028532921459328,0.6946890371754222,0.21609971689153795,-0.16738619775392705,188.66857256208147,318.3035627092634,122.87948989868164,226.11826978410994,180.33142307826452
2024-07-29 00:00:00+00:00,183.1999969482422,324.87762451171875,111.58045196533203,217.98768615722656,169.3053436279297,33270100,1629200,248152100,36311800,20293800,0.3835599716395466,-0.6880551003816016,-1.300192229148156,0.1284648863111304,1.5149760183158056,187.51571546282088,320.39799935477123,121.46603829520089,225.373418535505,178.94397844587053
2024-07-30 00:00:00+00:00,181.7100067138672,327.865478515625,103.72113037109375,218.5470428466797,170.0643310546875,39508600,1985400,486833300,41643800,18959700,-0.8133134602594794,0.919685992039887,-7.043636636890637,0.25660013155499595,0.4482950215828785,186.2242878505162,322.8914249965123,119.2390856061663,224.36173357282365,177.45381382533483
2024-07-31 00:00:00+00:00,186.97999572753906,329.2796936035156,117.0099868774414,221.8232421875,171.3126678466797,41667300,2606300,473174200,50036300,25729100,2.9002194810164417,0.43134004052312047,12.81210150603136,1.4990819816851575,0.7340379868314484,185.64785875592912,325.2126900809152,118.49771990094867,223.9700437273298,176.45299748012
2024-08-01 00:00:00+00:00,184.07000732421875,326.75,109.2006607055664,218.1075439453125,170.53370666503906,70435600,2538100,523462300,62501000,24531400,-1.5563100170141508,-0.7682507159283314,-6.674068069125283,-1.6750716496365836,-0.45470144819516056,184.90357317243303,326.45406450544084,117.0671272277832,223.1010502406529,175.43220846993583
2024-08-02 00:00:00+00:00,167.89999389648438,321.8399658203125,107.26081848144531,219.60580444335938,166.43914794921875,141448400,2682700,482027500,105568600,29130100,-8.78470841762542,-1.502688348794945,-1.7764015451805837,0.6869365776832392,-2.401026046928545,183.1307155064174,326.82967703683033,115.55511311122349,222.06367928641183,174.01480429513114
2024-08-05 00:00:00+00:00,161.02000427246094,312.4681091308594,100.44140625,209.02806091308594,159.03897094726562,83149400,3186500,552842400,119548600,53630700,-4.097671157906757,-2.9119617464431258,-6.357785002941196,-4.816695786837288,-4.446175730370205,180.84500122070312,326.02864946637834,113.70455714634487,220.24078914097376,172.25499725341797
2024-08-06 00:00:00+00:00,161.92999267578125,317.3880920410156,104.24108123779297,206.9904022216797,158.08023071289062,59950800,2284200,409012100,69660500,49004600,0.5651399696776416,1.57455521583989,3.782976692237394,-0.9748254289425384,-0.6028335248050021,178.98785836356026,325.53636605399,112.72321265084403,218.69614737374442,170.63357652936662
2024-08-07 00:00:00+00:00,162.77000427246094,316.73077392578125,98.90154266357422,209.57742309570312,158.7293701171875,48408200,2327700,411440400,63516400,25138600,0.5187498515865308,-0.20710232416326635,-5.1222977647730765,1.2498264877290444,0.4106392060344799,177.48928724016463,324.8192836216518,111.1390631539481,217.67161996023995,169.2960651942662
2024-08-08 00:00:00+00:00,165.8000030517578,314.5994567871094,104.96102142333984,213.06338500976562,161.81527709960938,44616200,2213700,391910000,47161100,25578800,1.8615215947435537,-0.6729112906380563,6.126778811102773,1.66332893236818,1.944131057877696,176.25142996651786,323.87242344447543,110.2134279523577,216.8868146623884,168.18111528669084
2024-08-09 00:00:00+00:00,166.94000244140625,314.5496520996094,104.74104309082031,215.99000549316406,163.45310974121094,36401000,1851300,290844200,42201600,28602300,0.687575011257735,-0.015831142243105667,-0.20958097542924659,1.3735914705683916,1.012161936102829,175.1364299229213,322.75696236746654,108.87140001569476,216.33602360316686,166.89710562569755
2024-08-12 00:00:00+00:00,166.8000030517578,312.6872253417969,109.01067352294922,217.52999877929688,162.07492065429688,30072800,2276500,325559900,38028100,15895300,-0.0838620987187122,-0.592093090989243,4.076368065598435,0.712992845486804,-0.8431709186176417,173.73571559361048,321.5924159458705,107.90219715663365,215.82032012939453,165.50609370640345
2024-08-13 00:00:00+00:00,170.22999572753906,318.03546142578125,116.13006591796875,221.27000427246094,163.9424591064453,39237900,2269600,312646700,44155300,18551700,2.0563504874259175,1.7104108036835264,6.53091313441041,1.7193056195245138,1.1522686203449428,172.97857230050224,320.9272657121931,108.03718566894531,216.03336879185267,164.90189579554968
2024-08-14 00:00:00+00:00,170.10000610351562,318.5334167480469,118.06990051269531,221.72000122070312,160.157470703125,28843800,1404600,339246400,41960600,40591100,-0.07636117446156998,0.15657226399636848,1.6703982550882346,0.20337006352115772,-2.308729796997111,172.28214372907365,320.1952427455357,108.45143617902484,216.35347202845983,164.40897805350167
2024-08-15 00:00:00+00:00,177.58999633789062,323.81195068359375,122.84949493408203,224.72000122070312,161.08624267578125,51698500,2271600,318086700,46414000,31524300,4.403286281963403,1.6571366324563908,4.048105741287378,1.353057903429189,0.5799117384776009,171.93142918178015,319.9583500453404,109.15137699672154,216.85432870047433,164.00237492152624
2024-08-16 00:00:00+00:00,177.05999755859375,325.5947265625,124.56934356689453,226.0500030517578,162.74404907226562,31489200,2292800,302589900,44340200,24208600,-0.2984395462729106,0.5505590127673265,1.3999639426562682,0.5918484442105632,1.0291421346396712,171.49285779680525,320.00957162039623,110.07915496826172,217.43020847865515,163.53371102469308
2024-08-19 00:00:00+00:00,178.22000122070312,328.1044921875,129.98887634277344,225.88999938964844,166.44912719726562,31129800,1678200,318333600,40687800,22416200,0.6551472258579993,0.7708250227198343,4.350615184038897,-0.07078241979617816,2.276628943498138,171.24357169015067,320.0266440255301,111.95542253766742,217.95470537458147,163.27548217773438
2024-08-20 00:00:00+00:00,178.8800048828125,329.03070068359375,127.2391128540039,226.50999450683594,166.9584503173828,26255200,1790100,300087400,30299000,18341500,0.3703308593809629,0.2822907086454718,-2.1153836898463174,0.27446771387078517,0.30599326574634045,170.66500091552734,320.0088588169643,112.68607439313617,218.2894733973912,162.96446663992745
2024-08-21 00:00:00+00:00,180.11000061035156,332.24761962890625,128.489013671875,226.39999389648438,165.63021850585938,35599100,1233900,257883600,34765500,22902000,0.6876093995775934,0.9776956796520908,0.9823243732493214,-0.04856324798870881,-0.7955463224523895,170.38214329310827,320.4015459333147,114.06381389072963,218.8817912510463,162.61421748570032
2024-08-22 00:00:00+00:00,176.1300048828125,329.22991943359375,123.72941589355469,224.52999877929688,163.5829315185547,32047500,1679200,376189100,43695300,22493300,-2.2097583221652117,-0.9082684169966493,-3.704283846769185,-0.8259695969967673,-1.2360588579627185,170.97000122070312,320.9293997628348,115.24014227730888,219.233519417899,162.4102020263672
2024-08-23 00:00:00+00:00,177.0399932861328,331.9189453125,129.3589324951172,226.83999633789062,165.4005126953125,29150100,1518700,323230300,38677300,13955700,0.5166572293719973,0.8167623050579387,4.549861131168376,1.0288146667049025,1.1111068617520425,172.1142861502511,322.3187452043806,117.30567986624581,220.50580051967077,162.8645978655134
2024-08-26 00:00:00+00:00,175.5,335.41473388671875,126.44918060302734,227.17999267578125,165.93980407714844,22366200,1692200,331964700,30602200,14190400,-0.869856159361615,1.0532054959765835,-2.249362943838207,0.14988376978466444,0.3260518199416751,173.0835723876953,323.60636247907365,118.89197267804828,221.94791412353516,163.42599596296037
2024-08-27 00:00:00+00:00,173.1199951171875,339.0001525878906,128.28903198242188,228.02999877929688,164.46176147460938,29842000,2154100,303134600,35934600,11821900,-1.3561281383547064,1.0689508655820745,1.4550124964198385,0.37415535298863656,-0.8907101046424559,173.82285744803292,325.19703238351,120.99107905796596,223.26595524379186,163.83545248849052
2024-08-28 00:00:00+00:00,170.8000030517578,336.02227783203125,125.59925842285156,226.49000549316406,162.6342010498047,29045000,1528000,448101100,38052200,16407400,-1.3401063602498708,-0.8784287361308207,-2.096651224197299,-0.6753467940081581,-1.111237292133005,174.18000030517578,326.72723388671875,122.46523884364537,224.2249995640346,163.8939470563616
2024-08-29 00:00:00+00:00,172.1199951171875,338.830810546875,117.57994079589844,229.7899932861328,161.56561279296875,26407800,1612600,453023300,51906300,19699800,0.7728290643119529,0.8358174145369102,-6.384844725718608,1.4570125448949867,-0.6570501468560752,174.5499997820173,328.4616023472377,123.38230296543666,225.21071297781808,163.75912584577287
2024-08-30 00:00:00+00:00,178.5,340.56378173828125,119.35979461669922,229.0,163.1634979248047,43429400,2004000,333751600,52990800,22123800,3.7067191865004956,0.5114562009898682,1.5137393408713784,-0.34378924636161434,0.9890007559241409,175.3857138497489,330.4527849469866,124.12152590070453,226.02999877929688,163.83688136509485
2024-09-03 00:00:00+00:00,176.25,340.4940490722656,107.99076080322266,222.77000427246094,157.15147399902344,37817500,2049300,477155100,50190600,38945300,-1.2605042016806678,-0.020475655297136353,-9.52501120665129,-2.7205221517637823,-3.684662318622234,175.81571415492468,332.05696977887834,123.54014696393695,226.13714163643974,163.351811000279
2024-09-04 00:00:00+00:00,173.3300018310547,342.5954895019531,106.20091247558594,220.85000610351562,156.24267578125,30309200,1478300,372470300,43840200,19353800,-1.6567365497562103,0.6171739081529459,-1.6574087582345354,-0.861874638471094,-0.5782944280745883,176.04642813546317,333.7756892613002,122.69236210414341,226.0749991280692,163.07218279157365
2024-09-05 00:00:00+00:00,177.88999938964844,339.54791259765625,107.2008285522461,222.3800048828125,157.03163146972656,40170500,1195100,306850700,36615400,18688700,2.6308183871355473,-0.889555466339409,0.9415324721339102,0.6927773316790065,0.5049553104051752,176.06785692487443,334.89968654087613,121.57460021972656,225.90785653250558,162.78256770542689
2024-09-06 00:00:00+00:00,171.38999938964844,338.4623107910156,102.82120513916016,220.82000732421875,150.72000122070312,41466500,1613400,413638100,48423000,37912100,-3.6539434607352317,-0.3197197704251531,-4.085438025277444,-0.7015008203708928,-4.019336862229716,175.66285705566406,335.8187997000558,120.02116176060268,225.53428540910994,161.923707144601
2024-09-09 00:00:00+00:00,175.39999389648438,340.4243469238281,106.46089172363281,220.91000366210938,148.7100067138672,29037400,1569400,273912000,67180000,39260500,2.3396899008788496,0.5796911709983421,3.5398209732580233,0.040755518026269755,-1.3335950706984456,175.46142796107702,336.69878932407926,118.34059143066406,225.17857142857142,160.65662711007255
2024-09-10 00:00:00+00:00,179.5500030517578,346.29046630859375,108.09075164794922,220.11000061035156,148.66000366210938,36233800,1655700,268283700,51591000,31118800,2.3660258265018275,1.723178567506567,1.5309470904559364,-0.36213980285901837,-0.03362453735479276,175.50928497314453,337.931629725865,116.9728513445173,224.72142900739397,159.34959520612443
2024-09-11 00:00:00+00:00,184.52000427246094,348.889892578125,116.9000015258789,222.66000366210938,151.16000366210938,42564700,2121700,441422400,44587100,29607700,2.768031821904482,0.7506491002310156,8.149864575483146,1.1585130365211915,1.6816897204457781,175.82428523472376,339.120363507952,116.14506476266044,224.45428684779577,158.31600843157088
2024-09-12 00:00:00+00:00,187.0,348.4715881347656,119.13999938964844,222.77000427246094,154.69000244140625,33622500,2182100,367100500,37498200,29695000,1.3440254011034547,-0.11989583311465823,1.9161658122593295,0.04940295003250661,2.3352730178463954,176.60071345738,340.49476841517856,115.8172492980957,224.32857295445032,157.68079921177454
2024-09-13 00:00:00+00:00,186.49000549316406,348.162841796875,119.0999984741211,222.5,157.4600067138672,26495400,1812000,238358300,36766600,29591200,-0.27272433520638684,-0.08860014658389481,-0.03357471523608435,-0.1212031545013148,1.7906808641432237,177.27571432931083,341.65504673549106,115.08446829659599,224.01857321602958,157.1136202130999
2024-09-16 00:00:00+00:00,184.88999938964844,352.6844177246094,116.77999877929688,216.32000732421875,158.05999755859375,26065500,2536400,248772300,59357400,18379800,-0.8579580976924128,1.2986957207720584,-1.9479426738433836,-2.7775247981039364,0.38104332474522273,177.94642857142858,342.8885955810547,114.3938124520438,223.24285997663225,156.550776890346
2024-09-17 00:00:00+00:00,186.8800048828125,335.6736755371094,115.58999633789062,216.7899932861328,159.32000732421875,26091700,4528800,231925900,45519300,20715600,1.0763186217390919,-4.823219096904552,-1.0190122057247453,0.21726421320320544,0.7971718240460612,178.92928641183036,342.6509900774275,113.48673847743443,222.44000244140625,156.18350873674666
2024-09-18 00:00:00+00:00,186.42999267578125,334.8171691894531,113.37000274658203,220.69000244140625,159.80999755859375,34448100,2150800,310318900,59894900,23677300,-0.24080275860086653,-0.2551604162244092,-1.9205758816871588,1.7989802463465043,0.3075509740455118,180.04571424211775,342.5649108886719,112.61322021484375,222.02571650913782,155.98177991594588
2024-09-19 00:00:00+00:00,189.8699951171875,333.8809509277344,117.87000274658203,228.8699951171875,162.13999938964844,39543200,2645700,293506400,66781300,26587700,1.845197970580159,-0.2796207446545296,3.969303952526948,3.7065533487195657,1.457982520899792,181.3135713849749,342.2113494873047,112.63393892560687,221.96000235421317,156.02280752999442
2024-09-20 00:00:00+00:00,191.60000610351562,334.85699462890625,116.0,228.1999969482422,163.58999633789062,100378600,5231000,382462400,318679900,40896400,0.9111555436973395,0.2923328505144651,-1.5864958878490043,-0.2927418111763669,0.8942870073396447,182.24928610665458,341.803721836635,112.39395359584263,221.9028592790876,156.0532717023577
2024-09-23 00:00:00+00:00,193.8800048828125,337.8348693847656,116.26000213623047,226.47000122070312,161.85000610351562,36993100,1998500,206228500,54146000,24150900,1.1899784481557152,0.8892974623867511,0.22413977261246387,-0.7581050616453089,-1.0636287507343023,183.5085721697126,341.613780430385,112.98461369105748,222.16714477539062,156.38888113839286
2024-09-24 00:00:00+00:00,193.9600067138672,338.24322509765625,120.87000274658203,227.3699951171875,162.2899932861328,43478900,2842900,354966800,43556100,23332100,0.04126358007008335,0.12087435309275918,3.965250753177929,0.39740093241191765,0.2718487278497772,184.98214394705636,341.3029044015067,114.03240585327148,222.6328582763672,156.82083238874162
2024-09-25 00:00:00+00:00,192.52999877929688,335.6836242675781,123.51000213623047,226.3699951171875,161.49000549316406,26391100,3552700,284692900,42308700,18869200,-0.7372694808574054,-0.7567338057810735,2.1841642505655345,-0.43981177001151117,-0.49293722722527633,186.0278581891741,341.02688380650113,115.19734682355609,222.91785757882255,157.13928767613
2024-09-26 00:00:00+00:00,191.16000366210938,354.3675842285156,124.04000091552734,227.52000427246094,162.72999572753906,36334900,4454800,302582900,36636700,20319300,-0.7115748848874004,5.565943230535497,0.4291140556473172,0.5080219022305155,0.7678433291201436,187.44000135149275,342.1629747663225,116.71297509329659,223.39642878941126,157.9971444266183
2024-09-27 00:00:00+00:00,187.97000122070312,348.2823791503906,121.4000015258789,227.7899932861328,163.9499969482422,36002300,2575200,271009200,34026000,21101300,-1.6687603998192135,-1.7172013888835047,-2.128345187167735,0.11866605511687833,0.7497088752744796,188.33785901750838,342.7242627825056,117.7800543648856,223.88785661969865,159.0857151576451
2024-09-30 00:00:00+00:00,186.3300018310547,352.0470275878906,121.44000244140625,233.0,165.85000610351562,41583900,2424900,226553700,54541900,20413900,-0.8724793206352333,1.0809184336811883,0.032949682886807,2.287197360475246,1.1588955112169064,188.822144644601,343.1354457310268,118.73357227870396,224.8085708618164,160.3135724748884
2024-10-01 00:00:00+00:00,185.1300048828125,350.5531311035156,117.0,226.2100067138672,166.99000549316406,36044900,1827300,302094500,63285000,28338100,-0.6440170323887107,-0.4243457172783627,-3.6561284190919863,-2.9141602086406926,0.687367710397857,188.86571611676897,343.2542484828404,118.74071502685547,225.06214250837053,161.4442868913923
2024-10-02 00:00:00+00:00,184.75999450683594,354.84564208984375,118.8499984741211,226.77999877929688,165.86000061035156,23704100,2421300,221845900,32880600,17760200,-0.19986515757441925,1.2244965471612357,1.5811952770265814,0.2519747352073054,-0.6766901285351179,188.7057157244001,343.7095380510603,118.72000067574638,225.34857068743025,162.24214390345983
2024-10-03 00:00:00+00:00,181.9600067138672,359.77557373046875,122.8499984741211,225.6699981689453,165.86000061035156,30204300,3646300,277118000,34044200,15073100,-1.5154729791167831,1.3893172286379096,3.3655869174209263,-0.4894614235498862,0.0,188.38214438302177,344.5390189034598,118.98785781860352,225.5749991280692,162.84214346749442
2024-10-04 00:00:00+00:00,186.50999450683594,360.7715148925781,124.91999816894531,226.8000030517578,167.05999755859375,40890300,2131400,243678100,37245100,19047400,2.500542770436165,0.2768228959466601,1.6849814574969368,0.5007333238716605,0.7234999058400415,188.49785831996374,345.1166687011719,119.56928634643555,226.32357025146484,163.48500061035156
2024-10-07 00:00:00+00:00,180.8000030517578,355.3535461425781,127.72000122070312,221.69000244140625,162.97999572753906,42364200,1536800,346250200,39505400,22463100,-3.061493551686767,-1.5017728746165693,2.241436993915902,-2.253086658550618,-2.442237454016294,188.0635724748884,346.52237374441967,120.43571526663644,226.67357090541296,163.74642835344588
2024-10-08 00:00:00+00:00,182.72000122070312,358.9190673828125,132.88999938964844,225.77000427246094,164.3800048828125,26372100,2348300,285722500,31855700,23072700,1.0619458719785868,1.0033729166174732,4.047915846799466,1.8404085823099159,0.8590067443699612,187.79857308523995,348.24393790108815,121.83000074114118,227.0364281790597,164.07285744803292
2024-10-09 00:00:00+00:00,185.1699981689453,363.6000061035156,132.64999389648438,229.5399932861328,161.86000061035156,26343100,2046400,246191600,33591100,31181800,1.3408477078997505,1.3041766643482777,-0.18060463109819125,1.6698360908574017,-1.5330357693184582,187.46285901750838,350.36672755650113,122.88571439470563,227.08428519112724,164.052857535226
2024-10-10 00:00:00+00:00,186.64999389648438,361.07000732421875,134.80999755859375,229.0399932861328,162.0800018310547,27785000,2088000,242311300,28183500,14144100,0.7992632403596822,-0.6958192345509984,1.6283481051608373,-0.21782696463562568,0.1359206844640637,187.10928671700614,352.23908560616627,124.22928564889091,227.14428492954798,163.94500078473772
2024-10-11 00:00:00+00:00,188.82000732421875,360.739990234375,134.8000030517578,227.5500030517578,163.24000549316406,25751600,1436500,170209500,31759200,15344300,1.1626110360002828,-0.0913997516131082,-0.00741377272972521,-0.6505371454991304,0.715698203976145,186.74785831996374,353.8751656668527,125.55357142857143,227.22142791748047,164.04428645542689
2024-10-14 00:00:00+00:00,187.5399932861328,364.6000061035156,138.07000732421875,231.3000030517578,164.9600067138672,22614400,2256500,232347700,39882100,19016100,-0.6779016992029097,1.0700271590717625,2.425819138301799,1.647989430765695,1.0536640301541444,186.28928593226843,355.7577928815569,126.7821431841169,227.50214276994978,164.23500170026506
2024-10-15 00:00:00+00:00,187.69000244140625,368.6600036621094,131.60000610351562,233.85000610351562,165.4600067138672,32178900,2955900,377831000,64751400,20247200,0.07998782160802964,1.1135484066451262,-4.6860294614964,1.1024656368842312,0.3031037703989048,185.94357190813338,358.1132485525949,127.36000061035156,228.03642926897322,164.51857321602958
2024-10-16 00:00:00+00:00,186.88999938964844,372.260009765625,135.72000122070312,231.77999877929688,165.16000366210938,23456800,2110700,264879700,34082200,16406000,-0.4262363692000948,0.9765111668623483,3.1306952326026094,-0.8851859184055066,-0.18131454102779943,185.6385716029576,359.3912789481027,128.19428634643555,228.34071459089006,164.69214521135603
2024-10-17 00:00:00+00:00,187.52999877929688,375.1499938964844,136.92999267578125,232.14999389648438,162.92999267578125,25039400,1906900,306435900,32993800,21453400,0.34244710350397334,0.7763348345364518,0.8915351047709352,0.1596320300009113,-1.3502124829752216,185.60714285714286,361.3103942871094,129.30357142857142,228.65214320591517,164.61928776332311
2024-10-18 00:00:00+00:00,188.99000549316406,376.8599853515625,138.0,235.0,163.4199981689453,37417700,1893300,176090200,46431500,19757700,0.7785456851548744,0.45581540261199205,0.7814265547740673,1.227657195109133,0.3007460352245417,185.7971431187221,363.08274841308594,130.4864283970424,228.79500034877233,164.44571576799666
2024-10-21 00:00:00+00:00,189.07000732421875,376.0299987792969,143.7100067138672,236.47999572753906,164.07000732421875,24639400,1785100,264554500,36254500,20946500,0.04233124965837831,-0.220237383783628,4.1376860245414315,0.6297854159740712,0.3977537403968556,186.07857186453683,364.90252467564176,132.3942860194615,229.52857099260603,164.23714447021484
2024-10-22 00:00:00+00:00,189.6999969482422,371.7900085449219,143.58999633789062,235.86000061035156,165.13999938964844,29650600,1740200,226311600,38846600,16568100,0.3332044214411578,-1.1275670154347384,-0.08350871224681589,-0.2621765597043635,0.6521557979303871,186.43142918178015,366.1128365652902,134.16142872401647,230.17714255196708,164.18571581159318
2024-10-23 00:00:00+00:00,184.7100067138672,370.6300048828125,139.55999755859375,230.75999450683594,162.77999877929688,31937100,2211800,285930000,52287000,18280500,-2.6304640562205495,-0.3120050661526097,-2.8066013525159694,-2.1623022514703605,-1.4290908435715344,186.6278577532087,366.8881530761719,135.35500008719308,230.54071371895927,163.96571568080358
2024-10-24 00:00:00+00:00,186.3800048828125,364.2300109863281,140.41000366210938,230.57000732421875,162.72000122070312,21647400,2311800,172354900,31109500,22412500,0.9041189476714617,-1.726787851001954,0.6090614204537825,-0.08233107433687215,-0.0368580655139894,186.61857278006417,367.1351885114397,136.46142905099052,230.80999973842077,163.6557159423828
2024-10-25 00:00:00+00:00,187.8300018310547,360.79998779296875,141.5399932861328,231.41000366210938,165.27000427246094,29362100,2129300,205122100,38802300,19828900,0.7779788122410869,-0.9417189934654013,0.8047785731440493,0.36431292501519774,1.5671110082522421,187.12071555001395,367.52422005789623,137.44857134137834,231.50428553989954,163.8192879813058
2024-10-28 00:00:00+00:00,188.38999938964844,361.32000732421875,140.52000427246094,233.39999389648438,166.72000122070312,27930800,2717700,173586700,36087100,32138600,0.2981406341556969,0.14412958670841913,-0.7206366130100728,0.8599413175243154,0.877350342323302,187.52571541922433,367.69571576799666,137.99357169015067,232.04928479875838,163.98643057686942
2024-10-29 00:00:00+00:00,190.8300018310547,363.0400085449219,141.25,233.6699981689453,169.67999267578125,35690200,2642900,157593600,35417200,42169000,1.2951868195294036,0.4760326541120019,0.5194959474407845,0.11568306749001334,1.7754267234917354,187.93000139508928,367.6557159423828,138.60785784040178,232.34428514753068,164.54500143868583
2024-10-30 00:00:00+00:00,192.72999572753906,346.57000732421875,139.33999633789062,230.10000610351562,174.4600067138672,37707600,3916800,179418100,47070900,68890800,0.9956473710913016,-4.5366904013459886,-1.3522149820243357,-1.5277922255336196,2.8170758158974074,188.36428724016463,366.62000165666853,138.93142918178015,232.42000034877233,165.42928750174386
2024-10-31 00:00:00+00:00,186.39999389648438,344.82000732421875,132.75999450683594,225.91000366210938,171.11000061035156,75146800,3078200,270039600,64370100,44769000,-3.2843885079535617,-0.5049484845821794,-4.722263530923742,-1.820948426885871,-1.920214361226058,188.1914291381836,365.48286002022877,138.78571428571428,232.302857535226,165.99143001011439
2024-11-01 00:00:00+00:00,197.92999267578125,345.6700134277344,135.39999389648438,222.91000366210938,171.2899932861328,99571700,2579800,202737100,65242200,31773700,6.185621865256041,0.24650718794179127,1.9885503908427138,-1.3279624414008095,0.10519120749179489,188.9335719517299,364.1307176862444,138.5949990408761,231.70357186453683,166.44357190813338
